ID,LX,LY,Hmax,Gele,lowBranch,crownV,H,DBH,Volume,Biomass,species_name,species_code
96384,399129.34,6785999.9,14.57992701,126.750073,2.266713791,89.21248145,15.61614339,16.00189206,0.157809584,88.92206378,Norway Spruce,2
96551,399136.07,6785998.2,15.54237209,126.8476279,2.192861135,48.91723551,15.96253571,15.7142666,0.154005692,80.89265054,Norway Spruce,2
96594,399137.53,6785995.05,12.96969697,126.810303,2.531632443,56.12085819,13.62875357,14.58315873,0.113893422,60.69312861,Scots pine,1
96649,399139.47,6785999.02,12.18289199,126.737108,2.187736953,73.16012449,12.86111527,14.76515198,0.09929717,60.16933586,Deciduous tree (Birch),3
96679,399140.2,6785990.5,18.05572429,126.7642757,3.138954527,260.4380762,18.97120476,21.27612817,0.355217484,155.6720428,Deciduous tree (Birch),3
96711,399141.11,6785996.4,11.27305891,126.7369411,2.114429489,31.51309534,12.38369038,12.64477262,0.081999872,44.13364758,Norway Spruce,2
96758,399143.18,6785992.18,18.82307414,126.7369259,2.296196974,255.8509066,19.53661032,20.16366098,0.342343951,168.5698913,Deciduous tree (Birch),3
96759,399142.49,6785983.54,15.97679384,126.8032062,2.409981546,197.3997148,16.91340794,20.51599702,0.267708852,140.9537648,Norway Spruce,2
96784,399143.13,6785976.04,20.05823725,126.6417627,2.28645369,466.9830492,20.9917709,22.73160761,0.458892335,229.8299767,Deciduous tree (Birch),3
96799,399144.44,6785998.43,17.54264468,126.8873553,2.466386626,250.71415,18.68063452,19.91840655,0.304265454,157.3824314,Deciduous tree (Birch),3
96845,399146.09,6785988.63,11.55561762,126.6643824,2.499939284,37.96876573,12.78381538,13.0451123,0.083028286,47.66306745,Scots pine,1
96846,399145.6,6785985.59,7.497518797,126.7024812,2.433158492,8.537890588,8.501987302,7.648356548,0.020275012,16.5102232,Deciduous tree (Birch),3
96870,399147.42,6785983.71,7.106881259,126.6431187,4.157407407,2.131892356,7.902397619,8.037035317,0.021530723,16.60228505,Norway Spruce,2
96880,399147.33,6785981.13,5.366111111,126.6638889,2.121742424,2.688624255,6.645661111,7.043185317,0.020181156,14.35356105,Norway Spruce,2
96894,399147.75,6785998.69,12.17728221,126.7027178,2.726589427,45.25643532,13.03976918,14.58631905,0.112171624,59.3723142,Norway Spruce,2
96895,399147.56,6785987.59,11.20975,126.72025,2.53510289,63.88126688,12.38475661,12.92640238,0.077842493,50.65228874,Scots pine,1
96896,399147.5,6785969.12,20.53571342,126.5042866,2.850594332,645.7714172,21.1811004,21.1137705,0.402567118,251.0256115,Deciduous tree (Birch),3
96910,399148.67,6785992.55,15.66281724,126.6771828,2.547179425,87.68342595,16.64890714,17.34279008,0.199763775,96.7194885,Norway Spruce,2
96940,399149.17,6785979.47,11.82103645,126.6189635,2.088270328,156.9898615,12.08026111,14.31341706,0.117266619,58.28509427,Norway Spruce,2
96941,399150.07,6785967.71,19.06121881,126.4987812,3.615381392,275.3305088,19.7228254,20.02389907,0.367831298,218.1220027,Deciduous tree (Birch),3
97022,399151.82,6785998.69,14.02054706,126.8594529,2.532634705,235.1482658,14.77300079,17.68561786,0.202882997,111.304172,Scots pine,1
97023,399152.27,6785992.8,9.88732766,126.5826723,2.170989518,39.88302193,10.40978333,10.68132143,0.053708738,29.11734334,Norway Spruce,2
97024,399151.59,6785985.72,18.0402381,126.7797619,2.115478609,216.9118979,19.16913214,18.27638194,0.235403337,146.5107602,Deciduous tree (Birch),3
97045,399152.49,6785972.01,15.28378956,126.5562104,2.21486118,209.5068579,16.31977222,19.92399246,0.245543457,144.3928628,Scots pine,1
97098,399153.88,6785978.48,5.276318875,126.7136811,2.072743451,7.908607864,6.274268254,8.075439484,0.020362573,13.39484404,Norway Spruce,2
97099,399154.3,6785960.64,15.34811751,126.5918825,2.043219994,104.5456871,14.98070291,16.16625456,0.154784668,83.33862338,Norway Spruce,2
97115,399155.16,6785989.43,19.36697397,126.613026,4.276719852,361.7872561,20.35028413,23.1650453,0.431965548,240.5050294,Deciduous tree (Birch),3
97135,399154.82,6785985.37,21.27506884,126.7749312,5.133834242,143.6504029,22.03326786,22.20681944,0.416711011,237.9461756,Deciduous tree (Birch),3
97163,399155.73,6785963.96,11.58249638,126.4875036,2.045107166,143.3982703,12.55537209,14.34473571,0.101434444,57.00807408,Scots pine,1
97230,399157.59,6785983.69,18.17068331,126.7593167,3.491308576,99.91035246,19.00315765,21.84646706,0.340102948,147.1455761,Scots pine,1
97231,399158.0,6785972.84,15.75804658,126.7719534,2.534310651,188.82359,16.64164259,19.24837222,0.255619373,162.2206948,Deciduous tree (Birch),3
97250,399158.07,6785980.11,16.53818916,126.5018108,2.071052463,230.3484025,17.77754656,21.17775734,0.284863849,164.5863975,Scots pine,1
97269,399159.04,6785970.9,17.02303636,126.4969636,5.617326232,89.07752397,17.89506032,20.10450754,0.281734727,155.2700652,Scots pine,1
97287,399159.51,6785993.97,15.43458333,126.8854167,3.266777393,253.1733576,15.91631627,19.14529524,0.255692476,123.650406,Norway Spruce,2
97319,399160.35,6785962.53,8.29075,126.47925,2.047266005,35.58465999,9.596219444,10.20884841,0.04309442,28.27419321,Norway Spruce,2
97336,399161.21,6785997.99,11.13017201,126.809828,2.260064484,35.24059201,12.29230899,12.00338704,0.070761809,44.93965096,Norway Spruce,2
97337,399160.58,6785989.09,11.92457031,126.8354297,2.508867639,24.58947079,12.78806653,12.9761123,0.089357666,46.33464126,Norway Spruce,2
97365,399161.99,6785991.7,10.3195667,126.6504333,2.668427076,11.03559396,11.28513175,9.59732123,0.043843479,24.91140579,Scots pine,1
97366,399161.99,6785987.23,10.4842418,126.8157582,2.554816851,65.75614099,11.76053333,12.48679603,0.074868387,47.13916948,Norway Spruce,2
97379,399162.08,6785971.2,12.20123675,126.4987633,3.661293092,19.89244535,12.51954395,12.99519127,0.092273691,50.25107106,Deciduous tree (Birch),3
97393,399163.04,6785984.34,14.69019901,126.609801,2.164181609,70.05926938,16.02618492,15.7627127,0.157323979,77.10302537,Scots pine,1
97394,399162.74,6785963.11,7.834425287,126.4955747,2.165871775,10.19519985,8.588601587,8.171112897,0.02251553,16.57032643,Norway Spruce,2
97410,399163.25,6785979.04,16.40108204,126.808918,4.242993145,223.695526,17.42364722,23.23526071,0.36723932,180.8089975,Scots pine,1
97423,399163.83,6785993.18,12.62078391,126.6792161,2.292617083,56.91004132,13.04066495,14.45400053,0.109661632,63.79805397,Norway Spruce,2
97424,399164.22,6785990.06,11.12809923,126.7919008,3.730767266,45.31073507,12.68357133,12.56737937,0.077071288,47.67260986,Scots pine,1
97436,399164.08,6785975.95,16.12264249,126.6873575,4.08194682,194.847336,17.16918294,19.07115,0.25746773,168.1555084,Deciduous tree (Birch),3
97451,399164.45,6785971.2,12.5194958,126.6005042,3.08183919,152.9285434,13.8456631,15.04485556,0.142082271,78.86028215,Norway Spruce,2
97466,399165.34,6785998.16,18.10072846,126.8792715,3.266298912,198.4381164,19.03716587,20.23348909,0.331460042,134.2178063,Scots pine,1
97540,399167.68,6785983.03,13.34598095,126.594019,2.296443713,174.1402786,14.05009101,16.04299405,0.162620076,81.90404543,Scots pine,1
97554,399168.56,6785996.86,20.48530337,126.8946966,4.266723245,261.427635,21.55004962,23.33776587,0.425165294,208.8371734,Deciduous tree (Birch),3
97555,399168.33,6785963.8,8.136617827,126.6233822,2.152428952,26.59907472,8.51343254,9.975179167,0.036737663,22.15830969,Norway Spruce,2
97573,399168.3,6785973.67,10.30885384,126.5111462,4.987392701,16.21000574,11.19641746,10.1865498,0.043678369,24.74866614,Norway Spruce,2
97603,399169.94,6785974.84,10.81611702,126.543883,3.760131977,50.04195367,12.3143381,12.48353413,0.075710478,46.11639864,Scots pine,1
97604,399170.0,6785970.32,13.99717347,126.5228265,3.282658319,301.1469119,14.24415053,17.22206984,0.191225419,89.45007789,Scots pine,1
97617,399169.93,6785964.81,8.16170151,126.4982985,2.001828682,20.94608652,9.406372222,9.492347222,0.03685741,24.03531569,Norway Spruce,2
97629,399171.35,6785993.34,18.59502979,126.8349702,3.275876109,244.7850523,19.50032619,17.94255972,0.255702572,151.4685232,Deciduous tree (Birch),3
97630,399170.84,6785985.88,17.71230769,126.6076923,2.342086384,183.8947185,18.62680077,21.41979107,0.309785201,130.5456721,Scots pine,1
97687,399173.29,6785962.12,3.390139428,126.3998606,2.005284196,1.910653822,5.6506,7.590070437,0.024827781,18.31367981,Norway Spruce,2
97700,399173.39,6785996.16,19.33689103,126.743109,3.213705174,253.0941776,20.39050952,19.06339544,0.274200864,188.4316533,Deciduous tree (Birch),3
97735,399174.86,6785978.05,19.20406905,126.5659309,3.146785652,379.5897852,20.11829603,24.72421038,0.480882121,281.9066594,Scots pine,1
97816,399177.43,6785969.22,10.03791237,126.5020876,2.321997944,34.92833117,10.61662857,10.63360476,0.049254446,29.19567856,Scots pine,1
97833,399178.13,6785999.66,20.04580926,126.9141907,5.015129209,153.0174036,20.56302778,21.96249048,0.382829005,183.6980358,Scots pine,1
97834,399176.88,6785986.17,19.84108911,126.6289109,2.672681773,412.6784838,20.92647063,24.49064015,0.520462659,280.7403528,Scots pine,1
97835,399177.42,6785972.14,11.44621083,126.4737892,3.315872052,26.22225627,12.41708403,12.49265317,0.079921691,45.0011469,Scots pine,1
97868,399179.06,6785978.25,16.97896774,126.6910323,4.034878615,111.547525,17.81052209,21.47451824,0.311041571,153.3366171,Scots pine,1
97884,399178.52,6785992.88,11.84958927,126.5404107,2.745043859,126.2991106,12.9996869,14.44557116,0.112046291,60.19185902,Scots pine,1
97885,399179.84,6785983.05,19.06139989,126.6486001,3.208996667,209.0060281,20.06948294,18.58479226,0.293594379,183.4196216,Deciduous tree (Birch),3
97886,399179.64,6785976.41,15.95968174,126.5103183,5.594423235,44.88183071,16.91276812,17.5664129,0.228176167,123.5289191,Scots pine,1
97941,399180.4,6785980.87,15.75788337,126.8521166,2.884873465,25.37209304,16.57880317,17.04388175,0.197528844,111.4869264,Deciduous tree (Birch),3
97958,399181.93,6785999.62,12.02151726,126.7784827,5.319227186,8.485353177,12.52045202,12.15331944,0.091231632,46.04069169,Scots pine,1
97959,399181.42,6785986.35,15.90065091,126.7793491,2.976891039,151.2216315,16.75481825,20.24391627,0.241984424,143.3824679,Deciduous tree (Birch),3
97974,399181.5,6785970.63,14.66598419,126.4840158,2.28329514,167.3471167,14.74661204,16.64803413,0.180135884,86.58635422,Scots pine,1
98069,399185.94,6785996.87,6.990849057,126.7091509,2.977953925,7.647742379,7.879761111,7.97917877,0.021226632,15.15300648,Norway Spruce,2
98086,399186.34,6785993.12,12.75983784,126.9001622,3.174694249,80.02648659,13.68098373,16.50239187,0.154509975,77.8526134,Scots pine,1
98104,399186.35,6785987.54,14.91833333,126.7716667,3.727626833,253.7309732,15.78674762,19.22365833,0.238063823,118.4493883,Deciduous tree (Birch),3
98105,399186.02,6785973.72,13.22608951,126.4439105,2.477502221,173.2505965,13.97936667,16.93174722,0.167576149,90.01714313,Scots pine,1
98126,399186.65,6785999.96,13.70097793,126.5990221,4.480362212,15.78180732,13.74418611,13.62909497,0.106197405,57.25269679,Norway Spruce,2
98127,399187.0,6785989.79,15.05904762,127.0409524,2.667836493,30.8190881,15.87588611,14.34659821,0.141588501,74.21577422,Deciduous tree (Birch),3
98145,399187.87,6785970.48,13.10607724,126.4739228,2.764339746,12.37508079,12.91145198,13.24151865,0.106715718,51.26465344,Norway Spruce,2
98179,399188.14,6785983.33,10.32527538,126.5847246,2.095425994,110.9594596,11.63804206,12.20299563,0.069423495,43.45337176,Norway Spruce,2
98195,399188.6,6785977.04,15.2178725,126.6621275,2.676318323,384.3276734,16.32467579,20.1291746,0.256512477,155.366239,Deciduous tree (Birch),3
98196,399188.19,6785965.2,3.904271429,126.5757286,2.039934636,3.641326498,5.606027778,7.214492262,0.015171726,14.2451375,Norway Spruce,2
98215,399189.8,6785994.98,10.35158313,126.7584169,2.149285878,85.57135067,11.77795317,11.99930198,0.069097752,44.88598479,Norway Spruce,2
98256,399190.22,6785986.2,12.91104167,126.7689583,3.63929165,92.1404355,13.74560873,16.80315714,0.153777627,78.83412898,Scots pine,1
98304,399191.91,6785983.65,10.58954545,126.5704545,3.127308303,33.42307701,12.13143439,12.64539643,0.07826931,43.84690586,Norway Spruce,2
98305,399191.5,6785969.94,5.314941691,126.4450583,2.746255397,4.869662914,6.347939683,7.266257937,0.015966634,12.52981483,Norway Spruce,2
98320,399192.98,6785991.89,10.9355684,126.7544316,2.82330274,27.25537018,12.28401508,11.73449048,0.07180374,40.1637615,Norway Spruce,2
98338,399192.61,6785994.12,12.70038916,126.7496108,2.141193023,78.03295788,13.37006468,14.26045516,0.110117333,64.3422255,Norway Spruce,2
98339,399192.14,6785966.68,7.168758621,126.4312414,2.053835211,10.00563292,7.259390476,8.022690278,0.021342932,14.95268574,Norway Spruce,2
98360,399193.17,6785973.54,6.322915254,126.4870847,2.201501488,4.915949442,7.48585,7.096849603,0.017799411,12.33005635,Norway Spruce,2
98383,399192.78,6785987.8,13.45056437,126.8894356,2.273321714,164.2561321,14.07555212,16.36780278,0.168806702,83.12887547,Norway Spruce,2
98395,399194.41,6785975.36,6.862308375,126.5576916,2.507426716,14.63872732,7.655311905,8.453632937,0.023193481,18.44005281,Norway Spruce,2
98415,399194.75,6785999.62,17.41086294,126.6491371,3.09126042,216.5762217,18.51961151,17.25177837,0.235745234,163.7948293,Deciduous tree (Birch),3
98434,399195.75,6785982.51,17.55980645,126.8101935,3.232874058,319.0960639,18.56975595,21.80247698,0.34740489,184.2017566,Scots pine,1
98473,399196.27,6785994.81,12.0519,126.6481,2.578926725,49.45585542,12.82872579,14.29293611,0.107842334,60.11013956,Norway Spruce,2
98555,399197.55,6785974.07,15.0992562,126.4607438,2.86438476,187.7815299,15.886825,17.92422526,0.213307955,116.8612264,Scots pine,1
98556,399198.51,6785967.61,14.53455462,126.4854454,2.55120844,197.2723466,14.34400093,17.28420754,0.190395973,90.69872623,Scots pine,1
98595,399199.66,6785990.76,17.68007519,126.6799248,2.71371294,315.601946,18.59404378,21.06923115,0.361282718,220.931881,Deciduous tree (Birch),3
98653,399202.11,6785987.39,20.1986044,126.6213956,2.511735094,486.8882182,21.27979431,23.64144821,0.4823703,245.4542754,Deciduous tree (Birch),3
98654,399200.59,6785983.56,20.61212909,126.6178709,11.9939855,140.32175,21.55898175,24.69290913,0.521276768,255.0723518,Scots pine,1
98672,399201.33,6785965.6,14.91514045,126.4648596,3.214986624,33.26634867,14.76949286,14.4102545,0.132309821,63.60385864,Scots pine,1
98693,399201.69,6785973.5,18.1466489,126.6633511,2.694110292,586.6990082,19.09506664,26.44758446,0.558087629,289.085085,Scots pine,1
98729,399202.64,6785979.1,18.79672222,126.5932778,3.661851956,139.1946127,19.88238704,21.57252262,0.361279555,176.9112665,Scots pine,1
98747,399202.74,6785969.27,7.504039735,126.4159603,4.577865834,4.111558959,8.276703175,7.269503175,0.020131306,14.72286116,Deciduous tree (Birch),3
98810,399204.48,6785996.61,20.02306529,126.7069347,3.971160564,625.6768875,21.01372526,25.12542388,0.53467029,271.2357061,Deciduous tree (Birch),3
98811,399204.98,6785968.65,7.180148637,126.4298514,2.522320913,10.77412189,8.233169841,7.931362302,0.022075676,16.78391239,Deciduous tree (Birch),3
98825,399205.2,6785990.89,18.67865101,126.541349,2.207756755,138.6755476,19.53507976,18.2684748,0.250021788,137.261376,Deciduous tree (Birch),3
98847,399205.58,6785977.34,18.05954984,126.6104502,3.230380834,126.4369765,19.17305992,19.99005198,0.25834567,122.1327436,Deciduous tree (Birch),3
98848,399205.4,6785963.12,7.998150245,126.4418498,3.225889911,15.90251376,9.148687302,9.182406746,0.030876944,21.87394066,Norway Spruce,2
98894,399206.39,6785984.35,19.27878723,126.7712128,2.189394737,229.9908413,20.23007963,22.36200119,0.358186256,183.6249964,Deciduous tree (Birch),3
98907,399207.46,6785980.02,18.97581759,126.6541824,2.57008475,297.2153393,19.67153849,19.34082282,0.303111168,171.7157594,Deciduous tree (Birch),3
98935,399209.17,6785971.12,20.94749164,126.5525084,2.371541981,278.7087272,21.55511111,18.52564821,0.304964786,153.3325203,Deciduous tree (Birch),3
98967,399208.28,6785974.14,7.219978213,126.5000218,2.296614558,4.508412704,7.425378571,7.320181548,0.017739313,10.97023906,Norway Spruce,2
98990,399209.47,6785963.55,14.99906667,126.4309333,3.148266815,145.0668002,15.13030278,16.2696246,0.169127707,97.68849114,Norway Spruce,2
99013,399209.61,6785992.58,23.45071195,126.659288,2.601786361,998.0008583,24.5188918,31.22464233,0.796903969,481.5710216,Scots pine,1
99086,399211.67,6785985.89,20.06379271,126.9062073,2.4092,442.8132712,21.20715132,24.75096634,0.554673339,241.8146549,Deciduous tree (Birch),3
99087,399211.54,6785972.6,14.85144531,126.4385547,2.218542639,141.516517,15.01655278,16.03799365,0.164751643,83.99053418,Norway Spruce,2
99088,399211.18,6785967.71,10.46041622,126.5995838,3.794300568,10.65905426,11.64488175,10.91229325,0.056536048,30.00007799,Norway Spruce,2
99190,399214.4,6785980.6,21.55423344,126.5757666,3.142687323,195.710088,22.46053624,24.09247183,0.451579207,230.5179753,Deciduous tree (Birch),3
99207,399214.61,6785999.79,13.63891892,126.5610811,5.420358856,8.545562059,13.7656004,12.88874802,0.09405838,51.98231122,Norway Spruce,2
99229,399215.43,6785988.85,21.86793375,126.5620662,2.652942665,231.5660813,22.59804021,23.21098194,0.445262052,242.3028311,Deciduous tree (Birch),3
99290,399215.5,6785999.65,15.7422028,126.5577972,2.267722886,113.144873,15.61294802,15.80297698,0.161477053,99.25956128,Norway Spruce,2
99310,399217.63,6785973.47,20.50967366,126.5803263,2.339304093,570.4704799,21.4805119,20.54552149,0.413636924,232.2808622,Deciduous tree (Birch),3
99354,399218.99,6785997.58,13.99880211,126.3611979,5.326311136,25.2456016,13.8922873,13.79984524,0.115840178,69.2502772,Norway Spruce,2
99355,399216.93,6785990.3,21.30550872,126.5444913,3.582964467,313.1816044,22.29988175,21.41290622,0.378859504,239.8668846,Deciduous tree (Birch),3
99416,399219.58,6785995.29,16.2496802,126.4203198,3.362787139,247.7323851,17.07118929,18.77428651,0.247978235,148.6761941,Deciduous tree (Birch),3
99467,399221.3,6785986.5,20.25307773,126.5269223,3.838813851,567.4799083,21.19160066,23.56769339,0.47155187,267.8956256,Deciduous tree (Birch),3
99484,399220.85,6785999.78,10.2597205,126.4402795,3.513568031,10.39431501,11.37214365,9.062897619,0.040868078,22.77971121,Deciduous tree (Birch),3
99507,399222.23,6785975.36,20.82656064,126.5034394,3.720125757,69.41481646,21.09497778,17.43535833,0.248847775,125.7763332,Deciduous tree (Birch),3
99550,399223.1,6785999.87,12.82945477,126.4305452,2.784734901,17.40707807,13.14181442,12.60085437,0.087682125,47.99622606,Deciduous tree (Birch),3
99551,399222.62,6785974.59,21.38559843,126.5144016,2.47984835,249.0245698,22.24832976,21.31806766,0.397591925,237.9189739,Deciduous tree (Birch),3
99574,399223.38,6785991.12,16.44209519,126.4879048,4.323527273,216.1573808,17.66705728,22.97043155,0.353491581,175.5694697,Scots pine,1
99607,399223.9,6785994.91,15.62891811,126.4510819,2.842752434,97.46931018,16.64038968,18.20264643,0.202752045,111.7294425,Scots pine,1
99608,399224.23,6785979.83,18.21333186,126.4766681,4.215318309,399.9084016,19.29810741,21.17955284,0.366238516,228.2239213,Deciduous tree (Birch),3
99680,399225.94,6785970.26,17.30757834,126.5624217,2.553643402,168.2023822,18.39547063,16.80188175,0.192411819,115.0296712,Deciduous tree (Birch),3
99697,399226.17,6785991.94,16.71460087,126.6253991,4.203952815,100.6630186,17.16917421,18.49767222,0.248291729,110.5652082,Scots pine,1
99698,399226.97,6785965.08,21.90609516,126.5339048,2.363691628,266.3200659,22.29213161,20.35485794,0.362126818,222.129511,Deciduous tree (Birch),3
99721,399226.48,6785997.43,6.24470894,126.4652911,3.031390297,4.091045549,7.38970873,7.522931349,0.018478449,14.32199386,Norway Spruce,2
99777,399229.99,6785960.77,13.68203954,126.5279605,3.658372791,63.10008263,13.91317434,16.90998611,0.152316556,80.73085807,Norway Spruce,2
99837,399229.14,6785986.48,16.96816234,126.5818377,2.545210749,272.4526056,17.93091019,17.48960933,0.239964539,151.2994076,Deciduous tree (Birch),3
99838,399229.87,6785965.78,21.72434076,126.4556592,3.173311131,550.4484078,22.38745939,23.41146488,0.470940256,303.7226794,Deciduous tree (Birch),3
99859,399229.97,6785992.67,11.88748299,126.852517,2.881102574,73.69729048,12.99274246,13.20928135,0.095856853,60.76406476,Norway Spruce,2
99860,399230.16,6785976.74,9.472284483,126.5177155,2.092100868,34.08638193,10.65215556,10.3532619,0.0482812,28.79684865,Norway Spruce,2
99861,399230.91,6785972.5,13.75939241,126.5506076,3.209097462,3.74632102,13.30576759,14.72747579,0.130783508,61.55698597,Scots pine,1
99878,399230.63,6785982.7,19.14469691,126.4953031,2.882877844,259.9541287,20.20673386,21.3259754,0.385125695,217.1845366,Deciduous tree (Birch),3
99903,399231.58,6785974.67,20.06405424,126.5159458,2.25365997,169.0453735,20.32389431,17.48934167,0.251918432,145.6992865,Deciduous tree (Birch),3
99945,399231.97,6785997.99,20.98226681,127.1877332,3.516137036,360.1688311,21.29617421,22.50940344,0.480184789,240.3413934,Norway Spruce,2
99990,399233.8,6785967.8,17.26547493,126.5345251,2.200407215,39.92232484,18.12517778,15.35083254,0.167139621,80.6188233,Norway Spruce,2
100008,399234.11,6785994.45,14.40244946,127.1575505,2.639970129,58.86891023,15.67766389,13.92882579,0.125001845,72.76096688,Deciduous tree (Birch),3
100036,399234.09,6785984.72,21.4270887,126.6729113,2.588821284,324.0796553,22.17197857,22.21207857,0.413431562,203.0881968,Deciduous tree (Birch),3
100056,399234.94,6785989.3,17.35563915,126.7543608,2.662505774,160.2684636,18.01797288,17.02710437,0.187307119,112.0542776,Deciduous tree (Birch),3
100057,399234.78,6785979.04,12.21572797,126.514272,3.220011556,47.70659812,13.25673443,13.21251984,0.09710258,62.48782766,Norway Spruce,2
100087,399236.38,6785993.82,14.26705778,127.3929422,3.769897459,34.1326756,15.19935877,13.72149107,0.119294272,62.43044569,Deciduous tree (Birch),3
100124,399236.99,6785973.89,17.02258789,126.4174121,7.021388739,62.33046096,17.74531138,18.85100913,0.282801352,145.3655537,Scots pine,1
100174,399237.41,6785963.71,20.1737511,126.4962489,2.205372783,224.9656305,21.03496545,22.9247623,0.420739587,194.8966373,Scots pine,1
100190,399237.93,6785990.65,19.15213132,127.2478687,3.977285954,180.6146614,20.04704034,19.69377004,0.310399698,145.7158463,Scots pine,1
100191,399237.82,6785984.91,15.9610599,126.4389401,3.13243418,123.7752071,16.9761578,17.27754299,0.217263423,135.6022635,Norway Spruce,2
100244,399239.1,6785976.21,17.24255829,126.4974417,2.993606886,36.46333139,18.18509823,16.98201706,0.205708207,79.84259866,Deciduous tree (Birch),3
100264,399239.05,6785977.44,17.74081262,126.6491874,3.852091403,74.4349492,18.58894259,19.65437989,0.259407564,171.7070733,Deciduous tree (Birch),3
100285,399238.99,6785973.38,18.86301129,126.4769887,2.731052739,544.2898707,19.62325767,25.71474332,0.535925079,282.759144,Scots pine,1
100340,399241.23,6785981.47,19.55486459,126.5051354,3.134955036,455.8229093,20.39223651,23.20054854,0.482876902,248.475358,Deciduous tree (Birch),3
100357,399241.23,6785989.82,17.1258281,127.3541719,2.316819905,96.91603176,18.18485397,18.73626918,0.260027909,113.5059049,Deciduous tree (Birch),3
100436,399242.65,6785985.81,18.30165056,126.9383494,3.555491338,125.881354,18.80114233,17.40442063,0.196272895,137.2905473,Deciduous tree (Birch),3
100504,399244.75,6785988.44,18.45993962,127.4600604,6.582365574,194.992976,18.87056177,17.40051052,0.23461482,163.5876276,Norway Spruce,2
100523,399244.66,6785979.97,15.69373043,126.5262696,4.231134989,45.46245145,16.77172646,19.09371288,0.240231095,132.4080098,Scots pine,1
100638,399247.3,6785978.15,12.42208333,126.4679167,2.448613383,34.48552802,13.1695955,14.55860476,0.127836471,65.51391979,Scots pine,1
100661,399247.44,6785982.38,14.83989389,126.6001061,2.610603802,11.33821993,15.44724683,14.0407754,0.13070216,62.02362906,Scots pine,1
100800,399250.16,6785983.91,17.49411898,126.605881,3.50960081,69.40945378,17.29265794,16.83050952,0.183830241,101.1418743,Norway Spruce,2
211210,399078.23,6786015.68,11.78084919,127.1491508,4.65861465,4.017137973,12.72251548,11.75214206,0.08172563,43.26790967,Norway Spruce,2
211252,399079.63,6786017.55,11.41509024,127.4349098,2.149179095,74.73894644,12.33593915,13.56583862,0.087553206,54.23691158,Norway Spruce,2
211283,399081.06,6786012.48,6.073333333,126.7666667,2.930723858,4.942177845,7.164577778,6.902931349,0.016960929,13.7593046,Norway Spruce,2
211338,399081.7,6786021.75,15.50500869,127.8449913,2.114036258,153.5778221,15.79497341,16.53557956,0.182306083,101.766057,Norway Spruce,2
211366,399083.89,6786023.85,15.37824215,127.9217579,2.372739479,176.8038107,15.74691825,18.29607679,0.196345944,108.7422332,Deciduous tree (Birch),3
211382,399083.62,6786017.62,14.79805491,127.3219451,2.673191505,113.8027683,15.1721754,16.15777698,0.149058338,87.19580405,Norway Spruce,2
211420,399086.06,6786021.22,17.79301128,127.6369887,2.813011122,355.2342888,18.56714021,20.84638651,0.321763698,175.4109824,Scots pine,1
211421,399085.31,6786015.53,14.14371919,127.2762808,2.355389555,122.0066214,13.43525675,13.98097421,0.106637146,63.45788132,Norway Spruce,2
211527,399088.38,6786013.58,12.57249456,127.2275054,2.380423461,106.9457687,13.31499325,14.43178651,0.111778704,61.00335468,Norway Spruce,2
211551,399090.04,6786009.29,11.49963195,126.8503681,2.367957662,94.46778678,12.07523016,13.17268492,0.085346319,53.20793562,Norway Spruce,2
211563,399089.65,6786015.13,12.25353082,127.3764692,2.774615383,20.78117872,12.84433654,13.05190992,0.098475166,50.4558069,Scots pine,1
211583,399092.41,6786024.71,16.36683756,128.0731624,2.156869565,237.4055795,16.33636944,17.99256118,0.244652161,127.6406505,Norway Spruce,2
211610,399091.68,6786017.43,17.21236352,127.6776365,3.009017445,185.1049905,17.281325,19.21589623,0.23740026,138.4147157,Norway Spruce,2
211622,399092.14,6786021.15,18.24605765,127.9639424,2.896198673,236.1733007,19.38971019,19.83918393,0.342779998,158.306999,Scots pine,1
211630,399092.98,6786023.69,18.5898882,128.1601118,3.350588988,81.98083539,18.89842698,17.58049683,0.249761588,126.9498639,Norway Spruce,2
211677,399094.05,6786014.01,17.48081501,127.519185,2.654941481,251.7270234,17.04563452,19.529075,0.276105226,140.3015474,Norway Spruce,2
211723,399095.75,6786027.7,16.73450897,128.305491,3.11204956,218.3981889,17.08418095,19.93029028,0.272928625,141.3120067,Norway Spruce,2
211735,399096.26,6786032.26,15.57302702,127.846973,2.347197467,142.5746361,15.39462381,15.20711091,0.152428948,98.36331287,Norway Spruce,2
211736,399096.26,6786023.28,13.59841727,128.2615827,3.433031889,77.67123572,13.88918069,15.37378671,0.12231087,73.38892932,Norway Spruce,2
211737,399096.45,6786019.79,14.89243991,128.1075601,3.300634315,161.0384879,14.61867077,16.39209067,0.165370484,93.7309112,Scots pine,1
211778,399097.92,6786008.07,11.59409316,127.4559068,2.625192594,65.23166813,12.09329127,13.4356996,0.094138708,54.28709856,Norway Spruce,2
211788,399098.66,6786011.64,12.62993421,127.8300658,2.606821713,62.57611159,13.06853016,14.77125119,0.114572091,64.74808317,Norway Spruce,2
211825,399099.52,6786024.2,10.59210692,128.2878931,2.011734513,13.84150325,11.55285714,11.01600774,0.063530914,35.81926836,Scots pine,1
211838,399099.65,6786025.63,8.652202216,128.3277978,3.32,3.64983895,9.256594841,8.237475992,0.029487984,18.24751928,Norway Spruce,2
211855,399099.87,6786015.87,14.47243499,128.157565,2.826506267,175.9588644,14.75479537,16.26256806,0.166429806,82.58819157,Norway Spruce,2
211873,399101.05,6786030.66,15.01409907,127.9859009,2.577899884,159.7706469,15.26480913,16.31196151,0.171576729,101.2747743,Deciduous tree (Birch),3
211892,399100.91,6786035.53,14.91450227,127.9554977,2.407461543,93.46875868,15.40460833,15.06414187,0.137240327,84.08619915,Deciduous tree (Birch),3
211893,399100.95,6786028.53,14.82450664,128.1754934,2.191549824,116.7312814,15.59069308,17.12805417,0.159584496,81.07439354,Scots pine,1
211894,399101.35,6786020.93,12.01880298,128.191197,2.5040825,74.69560151,13.08650119,13.94504008,0.10586733,62.81619,Deciduous tree (Birch),3
211936,399103.52,6786013.33,13.05450112,128.0354989,2.353639008,76.22768528,13.75519722,15.75889656,0.140876294,68.69043921,Norway Spruce,2
211937,399102.94,6786007.56,13.21777609,127.5322239,2.386522873,112.0275519,13.99508889,15.76903333,0.141985529,79.23708621,Scots pine,1
211984,399104.25,6786032.39,15.90986166,128.0201383,2.55413458,182.0087845,16.84321905,18.01052361,0.205800599,129.6817846,Deciduous tree (Birch),3
211999,399104.8,6786028.78,12.4697075,128.1102925,3.136941368,34.78610786,13.75004868,13.6292,0.108841244,55.04946186,Deciduous tree (Birch),3
212021,399104.38,6786018.59,11.04555256,128.0244474,2.53396963,60.47831861,12.31498836,12.89211865,0.07995057,49.66203415,Norway Spruce,2
212034,399105.52,6786025.81,12.11753868,128.0824613,2.083350672,144.7536119,12.94699537,12.96301032,0.098568008,63.41587104,Norway Spruce,2
212035,399105.83,6786019.32,11.08393645,127.8960635,2.182163664,22.35139003,11.99022381,11.57289974,0.06967638,42.72391583,Norway Spruce,2
212097,399107.22,6786035.65,15.24682103,128.013179,2.232047337,265.7686044,15.05064061,17.56682937,0.214728639,105.7848958,Norway Spruce,2
212098,399106.94,6786022.34,13.79683654,127.8631635,2.407578055,141.4363983,14.09066164,16.5073123,0.16997815,84.63156293,Scots pine,1
212099,399107.48,6786012.32,15.08938962,127.5106104,2.481505941,110.0703452,15.72972143,15.99948433,0.162570886,97.88741734,Norway Spruce,2
212100,399106.85,6786010.22,14.57023181,127.5397682,2.147025308,49.98726259,13.73991455,15.30562698,0.123661154,66.37076518,Norway Spruce,2
212119,399107.24,6786032.73,11.19207675,127.9279232,2.681366361,27.68795869,12.53314762,11.94478889,0.074879617,42.7287234,Deciduous tree (Birch),3
212120,399107.26,6786015.67,11.90567534,127.7443247,2.472123882,42.90047117,13.24534633,13.30165992,0.10050642,55.99561856,Norway Spruce,2
212151,399108.43,6786028.6,12.47471925,127.8952807,2.250047319,65.20769229,13.46957302,13.79222063,0.10316081,61.5336544,Norway Spruce,2
212159,399108.66,6786013.85,13.24037926,127.3696207,2.752682595,33.47323468,14.27141389,13.96841786,0.124692916,54.13280709,Deciduous tree (Birch),3
212221,399110.81,6786020.3,14.03903631,127.2309637,2.338929129,217.7689182,14.46712751,17.09726984,0.182142983,89.59688554,Scots pine,1
212222,399110.91,6786009.75,10.90567973,127.0843203,2.454543276,43.09766558,11.50342341,11.80139405,0.06710974,44.43105331,Norway Spruce,2
212240,399111.03,6786040.35,16.05101845,127.9389815,2.370888156,141.765587,16.15199193,16.35794127,0.180480856,105.8269344,Norway Spruce,2
212241,399110.92,6786005.8,20.27387009,127.2161299,2.386694988,153.5103386,20.84555159,19.36221012,0.349708416,179.7172045,Deciduous tree (Birch),3
212257,399111.94,6786030.62,18.3715532,127.4884468,2.338398501,543.1312681,17.38885675,21.47064709,0.347635131,199.0445348,Deciduous tree (Birch),3
212303,399113.06,6786041.9,18.51238295,128.187617,3.495292496,171.6743864,17.85082897,17.96684226,0.257327594,128.0349742,Norway Spruce,2
212343,399113.71,6786019.57,16.68111402,127.158886,2.124996477,175.8819192,17.33128254,18.19441845,0.215625748,130.0184333,Deciduous tree (Birch),3
212359,399115.15,6786037.58,16.25791884,127.4420812,2.820740848,202.1313266,17.02071032,17.80595675,0.2191194,137.7196151,Deciduous tree (Birch),3
212360,399114.76,6786008.74,6.694276451,126.6757235,3.202212167,6.716726962,7.580695238,7.594233929,0.018081032,15.52300271,Norway Spruce,2
212386,399115.8,6786042.27,15.18543768,128.0945623,2.746706546,50.94361317,15.65584444,16.68015853,0.160692203,92.12469527,Norway Spruce,2
212417,399116.6,6786032.19,16.35581977,126.8041802,2.751276864,178.8092871,16.9349496,19.66800456,0.24290356,130.8839436,Norway Spruce,2
212418,399116.52,6786015.58,28.64043448,126.8095655,2.621911831,1427.098854,29.14174286,45.29438459,1.92728894,937.0733936,Scots pine,1
212469,399118.48,6786034.28,18.94172573,126.9682743,2.434531534,81.06324497,19.51903214,16.56174206,0.218056536,120.7957217,Norway Spruce,2
212470,399118.05,6786023.2,12.73382502,126.606175,2.144970373,100.2510683,13.31056892,13.6469631,0.104495329,60.95699655,Norway Spruce,2
212471,399118.36,6786010.3,7.534686585,126.8253134,2.389937762,20.29428432,8.265448413,8.899320238,0.026171486,19.64594301,Norway Spruce,2
212490,399118.34,6786027.43,14.77698145,126.7830185,2.276155584,131.4996057,15.33263929,14.14556151,0.123329714,81.02309932,Norway Spruce,2
212520,399119.66,6786029.64,14.04354707,126.5364529,2.28901594,67.31537303,14.5397291,14.77668175,0.130703567,82.56991084,Deciduous tree (Birch),3
212540,399120.05,6786005.69,21.07475621,126.7152438,2.124689475,723.1455306,21.86065635,20.21444762,0.430074106,206.7879331,Deciduous tree (Birch),3
212557,399121.01,6786039.01,18.05062602,127.329374,3.297531055,347.1348937,18.67222196,20.91068042,0.339530922,174.4114699,Deciduous tree (Birch),3
212576,399121.66,6786035.03,17.86849711,126.8815029,3.225191565,205.019335,18.62464299,17.65368512,0.234321646,144.5665599,Deciduous tree (Birch),3
212577,399121.43,6786020.84,8.513217839,126.6467822,2.248313772,31.66003697,9.618131349,10.24372897,0.043603707,26.95951211,Norway Spruce,2
212613,399122.48,6786038.32,20.35977748,127.0702225,6.666112777,64.16308722,20.24436151,19.95719782,0.356834092,189.8374557,Norway Spruce,2
212627,399122.52,6786026.11,23.38793621,126.7320638,2.404927126,656.3205077,23.63485569,29.11523697,0.719844723,386.3723465,Deciduous tree (Birch),3
212696,399125.01,6786021.35,6.2251859,126.6248141,2.499230769,4.382850754,7.267520635,7.313236905,0.017318911,14.38671101,Scots pine,1
212743,399126.27,6786013.69,20.76319975,126.8468003,2.386790627,783.441016,21.68001071,20.51076634,0.428021007,223.0072814,Deciduous tree (Birch),3
212757,399126.83,6786033.72,23.84021033,126.8397897,2.294223772,761.6800476,24.81653492,31.73236409,0.847090543,458.0749924,Deciduous tree (Birch),3
212772,399127.77,6786001.51,13.3768937,126.6031063,2.215148681,174.1391279,14.2108414,16.02135893,0.151862808,89.59225457,Norway Spruce,2
212834,399128.77,6786027.63,22.03792675,126.8720733,2.134964497,273.8862214,22.67397275,26.50274246,0.52791792,263.6468792,Scots pine,1
212835,399129.01,6786019.2,13.45931034,126.6606897,2.381047852,239.8932568,14.10977989,14.79384921,0.136738406,81.27782167,Norway Spruce,2
212871,399129.74,6786010.7,14.78794926,126.7420507,2.536762003,97.02104993,15.94855238,14.29812698,0.130820284,84.50432915,Deciduous tree (Birch),3
212872,399130.42,6786000.29,14.38350529,126.6064947,3.64729098,29.52977746,14.7238548,14.89533016,0.123546014,61.97031256,Norway Spruce,2
212903,399130.63,6786006.46,20.37202058,126.8779794,2.515206767,627.5971732,20.82995106,22.46446792,0.476628279,227.9946208,Deciduous tree (Birch),3
212934,399131.96,6786015.5,20.59125967,126.9887403,3.354271469,371.9043671,21.84042698,25.36898889,0.533288637,270.4502463,Deciduous tree (Birch),3
213017,399134.91,6786021.85,14.62953016,126.6004698,2.126673052,233.170938,15.24763452,16.95665476,0.175792272,108.3473116,Deciduous tree (Birch),3
213033,399134.78,6786027.26,5.032238494,126.7377615,2.196719318,6.04298282,5.89349127,6.94770119,0.015959274,10.80399666,Norway Spruce,2
213052,399135.22,6786001.42,14.57933384,126.6006662,2.710823941,58.78159708,15.13220216,17.01532698,0.173643651,83.69033701,Scots pine,1
213095,399136.18,6786014.44,15.06862385,126.7013761,2.66091737,280.5600236,15.30757341,17.7389375,0.214360266,118.4012483,Deciduous tree (Birch),3
213096,399136.58,6786003.9,14.15676226,126.6332377,3.967788825,28.0047524,14.82874449,14.24263571,0.116157478,56.35210428,Deciduous tree (Birch),3
213158,399138.19,6786001.02,12.86909872,126.6309013,2.879931902,38.24522846,13.54708757,15.05100952,0.127013293,62.02728803,Scots pine,1
213177,399138.96,6786010.48,17.6611471,126.6688529,2.604423548,105.9182037,17.63577381,17.12804881,0.211924442,102.3093645,Norway Spruce,2
213209,399139.41,6786028.66,4.503706171,126.7362938,2.129868985,22.99727433,6.168484127,8.793058929,0.025841839,20.52096945,Norway Spruce,2
213210,399139.59,6786019.98,16.22394096,126.696059,2.538433057,308.8039606,17.067125,20.44314385,0.284738936,143.502828,Scots pine,1
213225,399140.15,6786005.97,24.75473851,126.7852615,2.851908328,857.4926218,25.54087262,31.11101349,0.885010754,473.2982868,Deciduous tree (Birch),3
213241,399141.1,6786024.23,8.71964016,126.7803598,2.008396613,8.353370842,9.471467857,8.20647123,0.028426805,17.32657122,Norway Spruce,2
213325,399143.55,6786019.66,13.71385366,126.5961463,2.737452826,59.30875857,14.21853347,16.65287996,0.161199813,84.16636763,Scots pine,1
213345,399143.32,6786015.1,19.45006515,126.7899349,2.872802263,300.0929,20.58313849,21.57164504,0.365587468,166.1777057,Deciduous tree (Birch),3
213361,399143.64,6786011.99,19.59824474,126.7817553,3.178760554,329.8714869,20.29041442,20.70726078,0.412131059,225.0968695,Deciduous tree (Birch),3
213392,399145.22,6786021.27,11.66644978,126.7535502,2.447411009,78.37484114,13.02435198,14.23978333,0.105094017,58.55560335,Norway Spruce,2
213431,399146.34,6786004.85,17.29857143,126.9314286,3.954556672,375.1146495,18.41691931,22.02337718,0.353387974,208.3523059,Deciduous tree (Birch),3
213569,399151.1,6786004.13,11.57894721,126.7410528,2.864460562,66.44313745,12.52426825,14.28959762,0.097364324,56.03383988,Norway Spruce,2
213585,399151.53,6786018.87,21.10392857,126.8560714,2.197959326,375.7950942,22.38244423,26.50198568,0.57737149,278.5965386,Deciduous tree (Birch),3
213586,399151.25,6786010.28,19.30653151,126.7934685,2.133610598,258.6848479,20.27269683,20.2778369,0.335118495,176.6274662,Deciduous tree (Birch),3
213587,399151.49,6786000.11,13.12754522,126.8024548,4.684881071,24.47333735,13.92222421,14.0723131,0.110729415,59.8576546,Norway Spruce,2
213735,399155.19,6786015.32,4.678147232,126.6718528,2.015582566,11.31563179,6.088174603,7.865407738,0.021449986,13.73662373,Norway Spruce,2
213755,399156.02,6786011.38,8.029569061,126.5404309,2.040450281,15.10070507,9.057813492,8.102119444,0.026076214,17.1183199,Norway Spruce,2
213797,399157.38,6786019.15,8.212763889,126.5872361,2.20510785,28.36364148,8.793368651,9.805332341,0.038290228,24.1479059,Norway Spruce,2
213798,399157.58,6786003.13,12.89313065,126.6568693,3.473373855,62.71517307,14.15113056,16.35294802,0.154627608,76.57231775,Scots pine,1
213820,399158.37,6786005.58,11.51370328,126.6662967,3.767783435,161.8322061,12.74279802,14.6110119,0.106593849,58.10321512,Scots pine,1
213833,399158.13,6786021.7,7.033625235,126.8763748,2.973859316,2.94301066,7.394121429,7.925010317,0.019825463,14.8810406,Scots pine,1
213834,399158.19,6786015.28,9.481492313,126.6385077,2.382062272,17.818183,10.21548651,9.10789127,0.032738533,19.80230836,Norway Spruce,2
213851,399158.78,6786009.0,11.60820106,126.6517989,3.566849786,21.02420498,12.4048421,12.44333135,0.082285446,43.69130275,Scots pine,1
213890,399159.75,6786020.3,6.343455285,126.9565447,2.191427162,14.16625073,7.332529365,8.150200397,0.021410749,15.2462018,Norway Spruce,2
213907,399160.38,6786008.1,6.775,126.695,3.908959732,2.813379921,7.699946825,7.186413492,0.018505972,14.7313025,Deciduous tree (Birch),3
213908,399160.48,6786001.08,11.70636364,126.6836364,3.519082458,46.48789597,12.86655824,14.44815397,0.108872126,58.30927625,Norway Spruce,2
213954,399161.59,6786016.3,14.30982456,126.8301754,2.109685216,238.521701,14.63831997,17.15256151,0.188490253,82.65267846,Norway Spruce,2
214042,399164.28,6786018.7,21.55638743,127.1636126,2.741697121,692.8415962,22.60077037,28.65680397,0.645598615,389.0248088,Deciduous tree (Birch),3
214043,399165.3,6786000.06,16.88276923,126.7072308,3.091417195,43.96889511,17.28394405,16.19651389,0.174569837,94.30121727,Scots pine,1
214100,399166.11,6786005.6,20.22037296,126.759627,2.439484845,518.2695137,21.14306058,22.41770119,0.461843142,236.7024819,Deciduous tree (Birch),3
214126,399167.34,6786014.67,7.280162214,126.7898378,2.118202279,16.71748353,7.916340476,8.613963492,0.023679982,17.26834799,Norway Spruce,2
214127,399167.44,6786011.72,5.939140709,127.0008593,3.128837209,1.598852166,6.6875,7.253711905,0.021392909,18.04042121,Norway Spruce,2
214148,399168.72,6786017.93,20.09300508,127.1069949,3.195717987,63.45730721,21.00774683,18.51524067,0.287771105,139.5902396,Deciduous tree (Birch),3
214217,399169.18,6786007.05,19.19504584,126.8349542,5.041208386,333.3793176,20.1274631,22.94982943,0.418466329,251.6964971,Deciduous tree (Birch),3
214257,399171.29,6786019.47,6.733223762,127.3267762,2.091560335,17.12145494,7.714323016,8.27109127,0.022664334,17.18426075,Norway Spruce,2
214282,399172.27,6786011.14,19.98567878,126.8443212,3.354393701,221.471231,21.26904444,20.83647579,0.372336358,181.969388,Deciduous tree (Birch),3
214437,399176.66,6786006.87,16.02148801,126.708512,2.480763161,28.55379456,17.05216402,16.78285357,0.179246301,79.49912081,Scots pine,1
214469,399178.04,6786003.06,21.5237967,126.9462033,2.341124443,439.1834074,22.3796672,26.71708115,0.580090698,305.8422885,Deciduous tree (Birch),3
214470,399178.08,6786000.61,21.40876923,126.9112308,3.658810575,61.46884955,21.97370794,19.9901541,0.343444944,166.2004949,Deciduous tree (Birch),3
214755,399185.95,6786001.98,19.41139686,126.7386031,2.394625192,320.6619459,20.34546905,21.72966706,0.327169735,159.4933524,Deciduous tree (Birch),3
214871,399189.22,6786001.02,9.210807043,126.599193,3.506490956,5.132821172,9.61204246,8.188178373,0.030710053,17.19334898,Deciduous tree (Birch),3
215077,399195.02,6786000.29,17.13157895,126.6284211,2.628727508,77.84675772,18.20322249,20.66113849,0.224076762,104.8157588,Deciduous tree (Birch),3
215384,399202.93,6786000.97,19.82419492,126.9258051,3.233452343,343.9810894,20.78715899,25.20948075,0.486602583,248.1119228,Deciduous tree (Birch),3
215605,399209.97,6786003.18,20.43171906,126.7882809,2.216397698,316.3033204,21.38713248,22.23165595,0.387566521,201.3689808,Deciduous tree (Birch),3
215788,399214.93,6786001.93,19.74650655,126.6034935,2.354830971,292.6507852,20.73048571,21.95427169,0.324062748,179.3443379,Deciduous tree (Birch),3
215813,399217.38,6786007.38,8.757239337,126.6027607,2.249322361,6.901347743,8.703611111,8.285666468,0.028869904,15.03492426,Norway Spruce,2
215934,399219.32,6786005.58,15.80557627,126.6644237,2.978597504,97.97413335,16.63104193,16.8977119,0.197728563,93.66724945,Norway Spruce,2
215995,399220.45,6786002.37,11.99318739,126.4768126,4.254618999,29.96852809,13.08562887,12.72916071,0.087885221,50.00821613,Deciduous tree (Birch),3
216133,399224.91,6786003.45,24.69089404,126.579106,3.518757064,643.3673161,24.83689841,28.17165278,0.684879465,336.5258105,Deciduous tree (Birch),3
216347,399230.36,6786000.4,14.20318725,126.9368127,4.533557186,8.545840947,14.65638942,13.03521905,0.093800267,70.89892707,Norway Spruce,2
216417,399230.63,6786000.02,15.37276659,126.5572334,2.986543261,10.9678743,15.37126587,15.39694921,0.13798779,76.55871141,Norway Spruce,2
