Tree ID,Species name,DBH [cm],Alive,X-coord. [m],Y-coord. [m],Observations,Social status,Wood quality,Aufnahme-Datum,Value [CHF],Species code
1,Sycamore maple,21.9,1,2610146.068,1261190.088,Bergahorn,3,3,2025,10.13,BAh
2,Silver fir,18.1,1,2610145.554,1261193.149,,3,0,2025,4.49,Ta
3,Sycamore maple,29.1,1,2610144.706,1261203.132,,4,4,2025,19.78,BAh
4,Silver fir,35.4,1,2610143.595,1261204.047,,4,3,2025,92.62,Ta
5,Silver fir,25.7,1,2610146.967,1261211.103,,3,3,2025,35.26,Ta
6,European beech,49.8,1,2610147.494,1261199.99,,2,2,2025,155.93,Bu
7,European beech,55.3,1,2610150.409,1261200.246,,2,3,2025,199.35,Bu
8,European beech,58.3,1,2610159.215,1261204.319,,2,4,2025,262.95,Bu
9,Silver fir,20,1,2610146.728,1261196.06,,4,3,2025,5.66,Ta
10,Silver fir,15.3,1,2610150.55,1261195.757,,5,0,2025,2.97,Ta
11,Silver fir,14.4,1,2610150.083,1261190.975,,5,0,2025,2.51,Ta
12,Silver fir,12,1,2610150.19,1261188.77,,5,0,2025,1.51,Ta
13,Silver fir,14.7,1,2610156.096,1261194.625,,5,0,2025,2.62,Ta
14,Sycamore maple,46.4,1,2610156.786,1261195.379,,3,3,2025,102.17,BAh
15,European larch,77.6,1,2610157.51,1261194.277,Lärche,2,4,2025,1311.66,Lä
16,Silver fir,16.6,1,2610160.347,1261197.268,,5,0,2025,3.6,Ta
17,Silver fir,21.9,1,2610153.106,1261189.502,,3,3,2025,15.47,Ta
18,Silver fir,16.1,1,2610157.759,1261191.361,,5,0,2025,3.23,Ta
19,Silver fir,17.5,1,2610157.281,1261189.213,,5,0,2025,4.19,Ta
20,Silver fir,26.8,1,2610156.411,1261188.185,,4,3,2025,42.51,Ta
21,Scots pine,53.8,1,2610158.19,1261184.514,Föhre,2,3,2025,248.94,Fö
22,European larch,48.3,1,2610157.934,1261180.794,Lärche,2,4,2025,306.92,Lä
23,Silver fir,23.5,1,2610161.98,1261180.001,,4,3,2025,22.37,Ta
24,Silver fir,21.6,1,2610168.358,1261184.986,,4,4,2025,12.86,Ta
25,Silver fir,14.4,1,2610167.982,1261182.486,,5,0,2025,2.51,Ta
26,Silver fir,15.5,1,2610164.832,1261182.176,,5,0,2025,3.05,Ta
27,Silver fir,13,1,2610169.322,1261176.824,,5,0,2025,1.87,Ta
28,Silver fir,13.5,1,2610170.92,1261181.878,,5,0,2025,2.09,Ta
29,Scots pine,49.8,1,2610173.432,1261179.498,Föhre,2,3,2025,201.22,Fö
30,European beech,29.6,1,2610174.269,1261178.78,,4,1,2025,19.83,Bu
31,Oak,62.4,1,2610176.045,1261177.741,,2,2,2025,715.28,Ei
32,European beech,28.9,1,2610173.353,1261176.106,,4,3,2025,18.9,Bu
33,Silver fir,15.1,1,2610169.322,1261174.516,,5,0,2025,2.89,Ta
34,Silver fir,18.4,1,2610166.568,1261173.754,,5,0,2025,4.64,Ta
35,Silver fir,23.8,1,2610163.012,1261175.621,,3,3,2025,22.95,Ta
36,Silver fir,20.3,1,2610162.253,1261174.541,,3,3,2025,6.05,Ta
37,Silver fir,14.1,1,2610154.336,1261179.074,,5,0,2025,2.29,Ta
38,Silver fir,17.8,1,2610150.139,1261178.312,,5,0,2025,4.33,Ta
39,Silver fir,24.9,1,2610149.186,1261176.8,,4,4,2025,25.13,Ta
40,European beech,19.8,1,2610151.718,1261171.344,,4,0,2025,7.41,Bu
41,Sycamore maple,27.3,1,2610156.659,1261168.214,,4,2,2025,16.81,BAh
42,European beech,17.1,1,2610153.59,1261165.635,,5,0,2025,5.13,Bu
43,Silver fir,33.7,1,2610154.102,1261168.011,,4,4,2025,81.51,Ta
44,Oak,47.3,1,2610152.529,1261168.441,,3,4,2025,182.31,Ei
45,European beech,27.8,1,2610147.841,1261168.3,,4,2,2025,16.92,Bu
46,Silver fir,19,1,2610144.142,1261173.212,,5,0,2025,5.13,Ta
47,Scots pine,59.7,1,2610142.462,1261171.433,Föhre,2,3,2025,401.55,Fö
48,European beech,53.1,1,2610142.642,1261167.35,,2,3,2025,194.34,Bu
49,European beech,21.4,1,2610146.214,1261163.162,,5,2,2025,8.95,Bu
50,Silver fir,19.4,1,2610143.827,1261161.201,50,5,0,2025,5.32,Ta
51,Silver fir,14.8,1,2610137.796,1261170.863,,5,0,2025,2.65,Ta
52,Silver fir,13.7,1,2610136.561,1261177.673,,5,0,2025,2.16,Ta
54,Scots pine,55.7,0,2610132.443,1261181.996,Föhre,0,1,2025,314.17,Fö
55,European beech,55.5,1,2610128.63,1261184.755,,3,2,2025,220.02,Bu
56,European beech,53.9,1,2610144.284,1261183.327,,2,3,2025,200.67,Bu
57,Scots pine,69,1,2610136.817,1261189.661,Föhre,2,3,2025,520.09,Fö
58,Silver fir,12.8,1,2610137.2,1261190.724,,5,0,2025,1.82,Ta
59,European beech,35.2,1,2610132.976,1261190.777,,3,2,2025,29.84,Bu
60,Silver fir,16.8,1,2610126.497,1261188.343,,5,0,2025,3.69,Ta
61,Scots pine,51.8,1,2610124.483,1261188.139,Föhre,2,3,2025,226.49,Fö
62,Oak,74.5,1,2610124.334,1261193.288,,2,3,2025,1325.05,Ei
63,European beech,41.3,1,2610127.384,1261197.84,,3,4,2025,43.55,Bu
64,Scots pine,45.5,1,2610127.286,1261201.247,Föhre,2,3,2025,126.73,Fö
65,Silver fir,17.5,1,2610132.886,1261198.591,,5,0,2025,4.19,Ta
66,Silver fir,26,1,2610138.464,1261202.644,,3,4,2025,38.1,Ta
67,Silver fir,20.4,1,2610139.28,1261206.171,,3,3,2025,6.11,Ta
68,Silver fir,13.6,1,2610144.932,1261189.079,,5,0,2025,2.12,Ta
69,Silver fir,14.7,1,2610141.238,1261202.583,,5,0,2025,2.62,Ta
70,Silver fir,14.9,1,2610139.459,1261192.44,,5,0,2025,2.69,Ta
71,Sycamore maple,37.6,1,2609959.119,1261091.271,,2,2,2025,34.84,BAh
72,European ash,22.5,1,2609965.285,1261101.128,,3,3,2025,10.73,Es
73,Silver fir,50.5,1,2609962.339,1261101.477,,2,3,2025,218.89,Ta
74,Sycamore maple,17.5,1,2609968.346,1261095.994,,4,3,2025,6.02,BAh
75,Silver fir,17.6,1,2609971.467,1261098.902,,5,0,2025,4.23,Ta
76,Scots pine,53,0,2609972.03,1261096.215,Föhre,0,1,2025,242.83,Fö
77,Sycamore maple,45.8,1,2609975.725,1261095.808,,2,2,2025,99.84,BAh
78,European beech,55.5,1,2609976.497,1261088.218,,2,4,2025,220.02,Bu
79,Scots pine,65,1,2609968.589,1261083.906,Föhre,2,4,2025,457.68,Fö
80,Wild cherry,30.2,1,2609968.226,1261081.812,,5,2,2025,20.53,Ki
81,European beech,64.9,1,2609969.314,1261079.747,,2,4,2025,331.03,Bu
82,Scots pine,45.4,1,2609976.084,1261083.311,Föhre,3,3,2025,126.17,Fö
83,Silver fir,15.5,1,2609977.112,1261083.251,,5,0,2025,3.05,Ta
84,Sycamore maple,36.4,1,2609973.511,1261075.905,,4,3,2025,31.73,BAh
85,Oak,65.5,1,2609979.148,1261067.569,,2,3,2025,855.05,Ei
86,Sycamore maple,25.6,1,2609972.604,1261066.452,,4,3,2025,14.31,BAh
87,Silver fir,14.8,1,2609972.158,1261066.106,,5,0,2025,2.65,Ta
88,Silver fir,15.2,1,2609968.852,1261068.679,,5,0,2025,2.93,Ta
89,Sycamore maple,39.4,1,2609969.69,1261061.227,,2,4,2025,38.35,BAh
90,Sycamore maple,18.8,1,2609965.367,1261068.136,,4,0,2025,6.97,BAh
91,European beech,65,1,2609962.477,1261072.58,,2,4,2025,351.34,Bu
92,Sycamore maple,34.7,1,2609965.406,1261060.916,,3,3,2025,29,BAh
93,Silver fir,14.2,1,2609964.027,1261061.69,,5,0,2025,2.44,Ta
94,Silver fir,15.2,1,2609962.606,1261060.539,,5,0,2025,2.93,Ta
95,Sycamore maple,24.1,1,2609961.664,1261060.502,,3,3,2025,12.69,BAh
96,Silver fir,12.7,1,2609960.722,1261060.51,,5,0,2025,1.79,Ta
97,Sycamore maple,37,1,2609959.046,1261059.627,,2,2,2025,32.62,BAh
98,Silver fir,12.4,1,2609961.132,1261079.524,,5,0,2025,1.7,Ta
99,European ash,32.2,1,2609957.903,1261063.853,,3,4,2025,24.05,Es
100,Silver fir,19,1,2609956.097,1261064.332,,5,0,2025,5.13,Ta
101,European hornbeam,33,1,2609956.051,1261070.861,,4,2,2025,78.61,HaBu
102,Scots pine,44,1,2609956.26,1261071.893,Föhre,3,3,2025,118.55,Fö
103,Silver fir,19,1,2609956.888,1261075.106,,5,0,2025,5.13,Ta
104,Sycamore maple,50.3,1,2609954.764,1261078.129,,2,4,2025,161.96,BAh
105,Sycamore maple,42.3,1,2609950.16,1261073.882,,2,3,2025,64.42,BAh
106,Sycamore maple,19.3,1,2609939.88,1261085.299,,4,0,2025,7.59,BAh
107,Silver fir,28.7,1,2609941.184,1261086.359,,3,3,2025,49.09,Ta
108,Sycamore maple,23.1,1,2609943.28,1261086.371,,3,2,2025,11.31,BAh
109,Sycamore maple,22.9,1,2609944.135,1261090.681,,3,3,2025,11.11,BAh
110,Sycamore maple,13.8,1,2609941.93,1261092.824,,4,0,2025,3.34,BAh
111,Sycamore maple,16.9,1,2609938.372,1261092.666,,3,0,2025,5.44,BAh
112,Sycamore maple,13.2,1,2609944.961,1261093.63,,4,0,2025,2.91,BAh
113,Sycamore maple,18.2,1,2609945.078,1261095.306,,3,0,2025,6.52,BAh
114,Sycamore maple,19.3,1,2609944.379,1261097.471,,3,0,2025,7.59,BAh
115,Silver fir,16.2,1,2609944.525,1261098.991,,5,0,2025,3.41,Ta
116,Sycamore maple,23.6,1,2609943.552,1261099.453,,3,3,2025,12.15,BAh
117,Sycamore maple,26,1,2609948.716,1261104.362,,2,3,2025,15.3,BAh
118,Sycamore maple,16.1,1,2609951.131,1261102.216,,5,0,2025,4.87,BAh
119,Silver fir,18.1,1,2609954.654,1261103.547,,3,0,2025,4.49,Ta
120,Silver fir,29.5,1,2609963.426,1261119.654,,3,3,2025,51.87,Ta
121,Sycamore maple,28.2,1,2609963.813,1261119.589,,3,3,2025,18,BAh
122,Sycamore maple,28.2,1,2609962.563,1261112.698,,3,4,2025,18,BAh
123,Scots pine,48.2,1,2609964.063,1261112.556,Föhre,2,3,2025,149.65,Fö
124,Silver fir,12.8,1,2609972.669,1261113.224,,5,0,2025,1.82,Ta
125,Scots pine,48.7,1,2609975.93,1261113.415,Föhre,2,3,2025,179.7,Fö
126,Sycamore maple,18.2,1,2609969.123,1261120.799,,3,0,2025,6.52,BAh
127,Oak,72.9,1,2609982.404,1261123.42,,2,3,2025,1192.66,Ei
128,Silver fir,23.2,1,2609978.663,1261113.518,,5,4,2025,21.57,Ta
129,Oak,55.1,1,2609981.087,1261127.997,,2,2,2025,475.94,Ei
130,European beech,68.1,1,2609974.954,1261127.784,,2,3,2025,407.79,Bu
131,European beech,50.4,1,2609972.711,1261130.171,,2,3,2025,162.79,Bu
132,Sycamore maple,24.5,1,2609969.79,1261136.398,,3,1,2025,13.12,BAh
133,Sycamore maple,18.2,1,2609968.662,1261139.983,,4,0,2025,6.52,BAh
134,Norway spruce,34.4,1,2609965.758,1261138.488,,3,3,2025,96.36,Fi
135,Sycamore maple,23.1,1,2609963.969,1261139.543,,4,3,2025,11.31,BAh
136,Sycamore maple,13.9,1,2609962.059,1261143.4,,3,0,2025,3.39,BAh
137,Silver fir,21.1,1,2609956.988,1261145.249,,3,3,2025,6.55,Ta
138,Wild cherry,13.8,1,2609954.879,1261136.108,,2,0,2025,2.89,Ki
139,Sycamore maple,29,1,2609957.977,1261130.813,,2,3,2025,19.65,BAh
140,Sycamore maple,13.8,1,2609961.358,1261127.1,,3,0,2025,3.34,BAh
141,Silver fir,25.1,1,2609955.88,1261127.331,,3,3,2025,25.54,Ta
142,Sycamore maple,32.1,1,2609954.882,1261127.49,,2,4,2025,23.9,BAh
143,Silver fir,16.7,1,2609961.345,1261106.818,,5,0,2025,3.65,Ta
144,Sycamore maple,29.3,1,2609947.41,1261130.381,,3,4,2025,20.05,BAh
145,Sycamore maple,24,1,2609947.474,1261125.617,,3,3,2025,12.58,BAh
146,Sycamore maple,44.2,1,2609948.442,1261124.299,,2,3,2025,92.61,BAh
147,Sycamore maple,33.6,1,2609944.462,1261123.608,,3,3,2025,27.18,BAh
148,Silver fir,23.1,1,2609944.561,1261122.355,,4,3,2025,21.44,Ta
149,Sycamore maple,16.7,1,2609946.667,1261117.834,,4,0,2025,5.31,BAh
150,Sycamore maple,31.4,1,2609947.898,1261113.308,,2,3,2025,22.94,BAh
151,European beech,30.8,1,2609941.274,1261112.746,,2,2,2025,21.95,Bu
152,Sycamore maple,37.6,1,2609937.927,1261110.512,,2,4,2025,34.84,BAh
153,Sycamore maple,22.9,1,2609943.648,1261108.939,,3,3,2025,11.11,BAh
154,Silver fir,25.4,1,2609948.695,1261107.784,,4,2,2025,32.18,Ta
155,Sycamore maple,28.8,1,2609951.653,1261110.497,,2,4,2025,18.77,BAh
156,Sycamore maple,25.1,1,2609953.86,1261109.988,,3,3,2025,13.71,BAh
157,Sycamore maple,35.1,1,2609955.748,1261117.808,,2,4,2025,29.67,BAh
158,Silver fir,14.8,1,2609959.618,1261116.951,,5,0,2025,2.65,Ta
159,European hornbeam,12.3,1,2609961.017,1261120.905,,4,0,2025,1.52,HaBu
160,Silver fir,15.8,1,2609959,1261158.047,,5,0,2025,3.17,Ta
161,Sycamore maple,24.7,1,2609959.03,1261156.865,,4,3,2025,13.33,BAh
162,Silver fir,19.7,1,2609953.085,1261152.572,,5,0,2025,5.49,Ta
163,Oak,81.1,1,2609953.659,1261150.803,,1,4,2025,1578.68,Ei
164,Silver fir,19.6,1,2609952.106,1261149.468,,5,0,2025,5.43,Ta
165,Scots pine,49.3,1,2609949.904,1261141.341,Föhre,2,4,2025,193.03,Fö
166,Scots pine,66.2,1,2609938.702,1261140.099,Föhre,2,3,2025,475.47,Fö
167,Silver fir,14.1,1,2609945.378,1261137.082,,5,0,2025,2.29,Ta
168,Scots pine,52.9,1,2609937.107,1261141.937,Föhre,2,4,2025,239.03,Fö
169,European beech,54.7,1,2609944.119,1261149.245,,3,3,2025,195.03,Bu
170,Silver fir,66.6,1,2609939.274,1261151.788,,2,3,2025,420.94,Ta
171,Scots pine,45.3,1,2609948.128,1261156.578,Föhre,3,3,2025,125.61,Fö
172,Scots pine,42.8,0,2609961.3,1261152.32,Föhre,0,1,2025,109.01,Fö
173,Silver fir,13.4,1,2609962.799,1261153.462,,5,0,2025,2.1,Ta
174,Sycamore maple,20.8,1,2609965.59,1261155.789,,4,3,2025,8.85,BAh
175,Silver fir,21.6,1,2609971.22,1261150.068,,5,3,2025,12.86,Ta
176,Sycamore maple,16.6,1,2609972.068,1261149.486,,5,2,2025,5.24,BAh
177,Silver fir,17.1,1,2609973.308,1261145.326,,5,0,2025,3.83,Ta
178,Sycamore maple,13.4,1,2609973.308,1261145.326,,5,0,2025,3,BAh
179,European beech,47.9,1,2609980.53,1261143.822,,2,3,2025,109.74,Bu
180,Sycamore maple,23.1,1,2609974.533,1261152.327,,5,2,2025,11.31,BAh
181,Oak,111,1,2609973.568,1261154.575,,1,5,2025,3369.02,Ei
182,Silver fir,17.5,1,2609973.121,1261159.257,,5,0,2025,4.19,Ta
183,Silver fir,22.5,1,2609980.416,1261155.439,,5,4,2025,19.37,Ta
184,European beech,52.1,1,2609981.179,1261163.515,,3,4,2025,176.85,Bu
185,European beech,20.3,1,2609976.182,1261163.2,,5,3,2025,7.82,Bu
186,Silver fir,14.2,1,2609981.1,1261164.138,,5,0,2025,2.44,Ta
187,European beech,25.5,1,2609981.272,1261167.809,,3,3,2025,13.69,Bu
188,European beech,47.8,1,2609973.568,1261168.065,,2,3,2025,109.28,Bu
189,Silver fir,14.3,1,2609973.531,1261165.724,,5,0,2025,2.48,Ta
190,European beech,43.9,1,2609969.719,1261164.501,,3,4,2025,90.38,Bu
191,Silver fir,12.5,1,2609967.923,1261163.587,,5,0,2025,1.73,Ta
192,Oak,88,1,2609963.754,1261163.045,Mit Efeu gemessen,2,4,2025,2026.57,Ei
193,Scots pine,63.3,1,2609968.526,1261174.465,Föhre,2,4,2025,432.73,Fö
194,Silver fir,16.7,1,2609970.907,1261174.115,,5,0,2025,3.65,Ta
195,European beech,27.7,1,2609965.153,1261179.925,,4,2,2025,16.8,Bu
196,Silver fir,13.3,1,2609964.118,1261181.12,,5,0,2025,2.07,Ta
197,Scots pine,50.6,1,2609963.385,1261180.205,Föhre,2,4,2025,213.96,Fö
198,Scots pine,57,1,2609960.484,1261174.294,Föhre,2,4,2025,329.86,Fö
199,European beech,22.8,1,2609957.183,1261174.701,,4,3,2025,10.63,Bu
200,European beech,32.2,1,2609956.883,1261172.477,,4,4,2025,24.05,Bu
201,European beech,45.1,1,2609962.288,1261170.266,,3,3,2025,95.78,Bu
202,Scots pine,40.2,1,2609955.573,1261165.345,Föhre,3,3,2025,88.2,Fö
203,European beech,50.4,1,2609950.312,1261160.802,,3,3,2025,162.79,Bu
204,Scots pine,46.9,1,2609999.657,1261107.948,Föhre,2,4,2025,136.88,Fö
205,Silver fir,16.8,1,2609998.821,1261108.22,,3,0,2025,3.69,Ta
206,Silver fir,14.1,1,2609994.08,1261101.487,,3,0,2025,2.29,Ta
207,Silver fir,17.1,1,2609983.699,1261105.557,,3,0,2025,3.83,Ta
208,Sycamore maple,14.6,1,2609980.214,1261103.571,,4,0,2025,3.74,BAh
209,Black locust,27.2,1,2609982.082,1261101.204,Robinie,3,3,2025,16.12,Ro
210,Silver fir,16.3,1,2609980.183,1261099.575,,5,0,2025,3.47,Ta
211,Sycamore maple,19.9,1,2609977.08,1261101.44,,3,0,2025,8.1,BAh
212,Sycamore maple,23.3,1,2609972.329,1261104.963,,2,3,2025,11.83,BAh
213,Silver fir,25.6,1,2609971.237,1261104.293,,3,4,2025,33.99,Ta
214,Sycamore maple,17.6,1,2609969.083,1261101.88,,4,0,2025,6.09,BAh
215,Sycamore maple,19.8,1,2609967.084,1261100.969,,4,0,2025,8.02,BAh
216,Silver fir,17,1,2609982.551,1261097.71,,5,0,2025,3.79,Ta
217,Sycamore maple,15.5,1,2609983.908,1261096.698,,4,0,2025,4.4,BAh
218,Sycamore maple,18.6,1,2609984.781,1261097.229,,4,0,2025,6.82,BAh
219,Sycamore maple,32.4,1,2609990.194,1261097.368,,2,4,2025,24.4,BAh
220,Sycamore maple,13.1,1,2609985.259,1261093.938,,4,0,2025,2.91,BAh
221,Silver fir,20,1,2609986.018,1261092.859,,4,3,2025,5.66,Ta
222,Sycamore maple,16.6,1,2609987.603,1261092.541,,4,0,2025,5.24,BAh
223,Sycamore maple,53.2,1,2609989.211,1261089.861,,2,3,2025,250.55,BAh
224,Silver fir,15.2,1,2609989.043,1261088.775,,5,0,2025,2.93,Ta
225,European ash,31.8,1,2609984.822,1261085.637,,3,3,2025,23.34,Es
226,Silver fir,20.3,1,2609985.036,1261079.532,,5,3,2025,6.05,Ta
227,Sycamore maple,31.2,1,2609985.85,1261080.23,,3,3,2025,22.62,BAh
228,Silver fir,18,1,2609986.638,1261080.947,,5,0,2025,4.43,Ta
229,Silver fir,15,1,2609988.281,1261083.479,,5,0,2025,2.73,Ta
230,European beech,37.1,1,2609990.282,1261080.517,,3,3,2025,33.87,Bu
231,Sycamore maple,55.8,1,2609994.329,1261085.678,,2,3,2025,309.62,BAh
232,Silver fir,15.5,1,2609994.503,1261094.932,,5,0,2025,3.05,Ta
233,Sycamore maple,16.2,1,2609994.37,1261093.913,,4,0,2025,4.93,BAh
234,European hornbeam,18.7,1,2609994.969,1261093.724,,4,0,2025,4.77,HaBu
235,Silver fir,21,1,2609996.75,1261094.448,,4,1,2025,6.48,Ta
236,Silver fir,22.5,1,2609998.488,1261092.551,,4,4,2025,19.37,Ta
237,European ash,42.2,1,2609995.951,1261089.493,,2,4,2025,71.17,Es
238,Silver fir,13.8,1,2610000.134,1261087.777,,5,0,2025,2.19,Ta
239,Silver fir,34.2,1,2610000.64,1261082.777,,3,3,2025,85.24,Ta
240,European ash,39.6,1,2610001.661,1261080.946,,2,3,2025,38.74,Es
241,Sycamore maple,44.6,1,2609997.834,1261077.452,,2,2,2025,94.64,BAh
242,Silver fir,38.8,1,2610007.261,1261085.398,,3,3,2025,120.86,Ta
243,Silver fir,32.1,1,2610004.949,1261089.861,,3,3,2025,71.21,Ta
244,Sycamore maple,18.4,1,2610000.6,1261094.256,,4,0,2025,6.67,BAh
245,Silver fir,20.2,1,2610004.858,1261093.662,,5,2,2025,5.99,Ta
246,European beech,58.5,1,2610005.64,1261098.659,,2,3,2025,268.91,Bu
247,Sycamore maple,36.5,1,2610012.047,1261095.784,,2,3,2025,31.91,BAh
248,Silver fir,12.9,1,2610013.485,1261094.033,,5,0,2025,1.84,Ta
249,Sycamore maple,43.7,1,2610018.988,1261089.396,,2,2,2025,85.83,BAh
250,Oak,102,1,2610011.357,1261117.457,,1,5,2025,2787.99,Ei
251,European beech,47,1,2610013.923,1261114.164,,3,1,2025,105.63,Bu
252,European beech,26.1,1,2610006.559,1261115.268,,5,1,2025,14.9,Bu
253,Silver fir,15,1,2610017.303,1261113.496,,5,0,2025,2.73,Ta
254,European beech,60.8,1,2610018.112,1261106.819,,2,1,2025,275.79,Bu
255,European beech,38.1,1,2610018.564,1261102.47,,3,3,2025,35.84,Bu
256,European hornbeam,32.1,1,2610021.081,1261099.791,,3,3,2025,71.87,HaBu
257,Oak,47.6,1,2610025.371,1261105.554,,2,2,2025,184.77,Ei
258,European beech,43.7,1,2610028.911,1261108.75,,3,2,2025,86.47,Bu
259,European beech,45.8,1,2610028.72,1261101.725,,2,4,2025,100.12,Bu
260,European beech,26.3,1,2610027.939,1261099.8,,4,2,2025,15.13,Bu
261,European beech,25.3,1,2610031.92,1261101.725,,4,2,2025,13.46,Bu
262,Sycamore maple,51.7,1,2610033.605,1261097.909,,2,3,2025,171.53,BAh
263,Oak,41.7,1,2610037.866,1261101.213,,3,2,2025,42.86,Ei
264,Oak,48.5,1,2610032.756,1261105.88,,2,4,2025,191.86,Ei
265,European beech,29.9,1,2610034.152,1261110.507,,4,2,2025,20.24,Bu
266,European beech,31.4,1,2610038.288,1261108.378,,3,3,2025,22.94,Bu
267,Oak,56.7,1,2610038.006,1261106.949,,2,4,2025,515.47,Ei
268,Silver fir,18.1,1,2610043.964,1261105.428,,5,0,2025,4.49,Ta
269,Oak,45.6,1,2610038.763,1261113.292,,3,3,2025,169.63,Ei
270,European beech,21,1,2610042.794,1261112.294,,5,2,2025,8.69,Bu
271,Silver fir,13.4,1,2610046.223,1261112.641,,5,0,2025,2.1,Ta
272,Oak,79.6,1,2610049.593,1261110.31,,2,2,2025,1520.81,Ei
273,Oak,48.5,1,2610045.097,1261116.071,,2,4,2025,191.86,Ei
274,Oak,42.7,1,2610045.17,1261116.536,,3,3,2025,44.96,Ei
275,Sycamore maple,57.1,1,2610038.463,1261122.482,,2,3,2025,351.37,BAh
276,Sycamore maple,26,1,2610033.627,1261122.401,,4,3,2025,15.3,BAh
277,Silver fir,13.2,1,2610033.535,1261123.716,,5,0,2025,2.03,Ta
278,European beech,43.3,1,2610028.357,1261127.433,,3,4,2025,81.91,Bu
279,Oak,54.9,1,2610024.368,1261125.401,,2,3,2025,463.89,Ei
280,Silver fir,16.3,1,2610027.925,1261135.48,,5,0,2025,3.47,Ta
281,Silver fir,13,1,2610019.74,1261133.212,,5,0,2025,1.87,Ta
282,European beech,66,1,2610017.199,1261130.972,,1,4,2025,352.5,Bu
283,European beech,51.7,1,2610016.85,1261125.249,,4,4,2025,174.14,Bu
284,European beech,34.2,1,2610020.03,1261122.538,,3,3,2025,28.17,Bu
285,Silver fir,13.5,1,2610001.789,1261157.617,,5,0,2025,2.09,Ta
286,Silver fir,13.7,1,2610001.131,1261160.663,,5,0,2025,2.16,Ta
287,European beech,48.6,1,2610000.927,1261162.668,,2,3,2025,132.33,Bu
288,Scots pine,64.7,1,2610000.99,1261166.667,Föhre,2,4,2025,453.47,Fö
289,European beech,43.3,1,2609995.638,1261162.955,,3,3,2025,81.91,Bu
290,European beech,26.7,1,2609987.643,1261150.824,,4,3,2025,15.47,Bu
291,Silver fir,13.9,1,2609990.809,1261147.389,,5,0,2025,2.22,Ta
292,Silver fir,57.8,1,2609992.911,1261143.68,,2,3,2025,301.49,Ta
293,Silver fir,20.5,1,2609989.925,1261143.27,,5,4,2025,6.17,Ta
294,Silver fir,15.7,1,2609984.067,1261132.799,,5,0,2025,3.13,Ta
295,Silver fir,12.3,1,2609990.024,1261138.195,,5,0,2025,1.58,Ta
296,Scots pine,75.1,1,2609992.309,1261137.052,Föhre,2,4,2025,614.26,Fö
297,Silver fir,15.4,1,2609991.238,1261135.315,,5,0,2025,3.01,Ta
298,Silver fir,12.7,1,2609989.015,1261130.657,,5,0,2025,1.79,Ta
299,Sycamore maple,24.7,1,2609991.551,1261131.316,,4,3,2025,13.33,BAh
300,Sycamore maple,20.5,1,2609992.144,1261127.573,,4,4,2025,8.59,BAh
301,Scots pine,64.8,1,2609990.981,1261125.913,Föhre,2,4,2025,454.87,Fö
302,Silver fir,22,1,2609995.073,1261127.51,,4,4,2025,15.61,Ta
303,European beech,64.2,1,2610000.267,1261120.673,,2,2,2025,340.46,Bu
304,Oak,51.7,1,2610002.855,1261125.791,,2,3,2025,334.97,Ei
305,Silver fir,16.8,1,2610000.252,1261132.676,,3,0,2025,3.69,Ta
306,Silver fir,25.7,1,2610000.801,1261136.671,,2,3,2025,35.26,Ta
307,Silver fir,17.1,1,2610001.442,1261140.732,,3,0,2025,3.83,Ta
308,Silver fir,20.3,1,2609998.624,1261142.227,,2,3,2025,6.05,Ta
309,Silver fir,27,1,2610003.742,1261143.12,,2,4,2025,36.44,Ta
310,Silver fir,33.2,1,2610004.775,1261136.556,,2,4,2025,76.03,Ta
311,Silver fir,20,1,2610007.626,1261134.694,,4,3,2025,5.66,Ta
312,European beech,29.3,1,2610011.177,1261138.029,,3,2,2025,19.43,Bu
313,European beech,25.8,1,2610009.498,1261140.991,,3,4,2025,14.55,Bu
314,Silver fir,13.3,1,2610013.832,1261140.928,,5,0,2025,2.07,Ta
315,Silver fir,13.2,1,2610017.31,1261136.517,,5,0,2025,2.03,Ta
316,Silver fir,13.5,1,2610018.82,1261140.083,,5,0,2025,2.09,Ta
317,European yew,34,1,2610024.515,1261143.036,Eibe,4,3,2025,88.19,Eib
318,Scots pine,55.9,1,2610023.657,1261146.031,Föhre,2,3,2025,316.87,Fö
319,Scots pine,58.9,1,2610018.518,1261147.926,Föhre,2,4,2025,384.06,Fö
320,European hornbeam,41.6,1,2610017.407,1261148.593,,4,2,2025,148.05,HaBu
321,Silver fir,18.4,1,2610009.526,1261144.123,,4,0,2025,4.64,Ta
322,European beech,33,1,2610010.014,1261149.205,,2,2,2025,25.37,Bu
323,Silver fir,17.8,1,2610010.806,1261153.798,,3,0,2025,4.33,Ta
324,Silver fir,18.1,1,2610013.75,1261154.87,,5,0,2025,4.49,Ta
325,Scots pine,47.7,1,2610014.351,1261160.249,Föhre,2,3,2025,145.71,Fö
326,Silver fir,15.6,1,2610015.209,1261162.172,,5,0,2025,3.09,Ta
327,European beech,62.2,1,2610014.767,1261165.086,,2,4,2025,303.95,Bu
328,Silver fir,20.3,1,2610012.01,1261167.945,,5,4,2025,6.05,Ta
329,European beech,26.3,1,2610008.206,1261163.107,,4,3,2025,15.13,Bu
330,Sycamore maple,29,1,2610010.267,1261158.465,,3,2,2025,19.65,BAh
331,Silver fir,12.9,1,2610009.653,1261158.903,,5,0,2025,1.84,Ta
332,Silver fir,13.8,1,2610005.483,1261146.989,,4,0,2025,2.19,Ta
333,Silver fir,13.8,1,2609989.13,1261169.753,,4,0,2025,2.19,Ta
334,Silver fir,15.7,1,2609989.966,1261167.457,,4,0,2025,3.13,Ta
335,Silver fir,15.6,1,2609990.149,1261165.4,,4,0,2025,3.09,Ta
336,Silver fir,18.2,1,2609993.376,1261163.365,,4,0,2025,4.54,Ta
337,Silver fir,17.3,1,2609992.528,1261173.34,,5,0,2025,3.93,Ta
338,Oak,66.4,1,2609994.317,1261172.937,,2,4,2025,844.26,Ei
339,Silver fir,47.4,1,2609997.59,1261169.099,,2,4,2025,188.48,Ta
340,Silver fir,19.3,1,2609997.004,1261174.226,,5,0,2025,5.25,Ta
341,Oak,56.7,1,2610002.705,1261175.559,,3,3,2025,515.47,Ei
342,Oak,79.4,1,2610004.001,1261181.875,,2,4,2025,1513.17,Ei
343,Silver fir,13.2,0,2610000.888,1261181.538,,0,0,2025,2.03,Ta
344,Silver fir,14.6,1,2609998.562,1261179.233,,5,0,2025,2.58,Ta
345,European beech,28.2,1,2609994.84,1261179.925,,4,4,2025,18,Bu
346,Oak,44.8,1,2609995.116,1261183.466,,3,3,2025,163.69,Ei
347,Silver fir,19.4,1,2609995.672,1261185.423,,5,0,2025,5.32,Ta
348,Oak,68.8,1,2610001.844,1261189.767,,4,2,2025,949.03,Ei
349,Silver fir,18.2,1,2609992.044,1261190.278,,5,0,2025,4.54,Ta
350,Scots pine,41.4,1,2609989.05,1261186.883,Föhre,2,4,2025,96.76,Fö
351,Silver fir,18.1,1,2609986.39,1261186.835,,5,0,2025,4.49,Ta
352,Scots pine,36.5,0,2609984.83,1261181.134,Föhre,0,1,2025,66.33,Fö
353,European beech,37.8,1,2609984.985,1261178.7,,3,3,2025,35.27,Bu
354,Oak,53.3,1,2609977.063,1261179.859,,3,4,2025,360.01,Ei
355,Silver fir,17.6,1,2609984.232,1261174.808,,4,0,2025,4.23,Ta
356,Scots pine,48.5,1,2610046.771,1261120.234,Föhre,2,3,2025,169.43,Fö
357,European hornbeam,29.6,1,2610052.133,1261119.576,,4,3,2025,54.71,HaBu
358,Silver fir,12.4,1,2610053.152,1261116.223,,5,0,2025,1.7,Ta
359,Silver fir,21.9,1,2610055.852,1261112.942,,3,4,2025,15.47,Ta
360,Silver fir,24.4,1,2610060.561,1261117.603,,4,3,2025,24.13,Ta
361,Norway spruce,72.9,1,2610057.836,1261123.099,,1,4,2025,578.44,Fi
362,Silver fir,14.1,1,2610056.401,1261127.948,,5,0,2025,2.29,Ta
363,Wild service tree,19.1,1,2610060.852,1261125.468,Elsbeere,5,0,2025,6.92,Elsb
364,Silver fir,15.5,1,2610061.777,1261124.916,,5,0,2025,3.05,Ta
365,Silver fir,15.9,1,2610065.627,1261123.041,,5,0,2025,3.21,Ta
366,Silver fir,29,1,2610069.417,1261121.311,,3,3,2025,50.12,Ta
367,Silver fir,20.9,1,2610073.676,1261122.305,,4,4,2025,6.42,Ta
368,Oak,60,1,2610075.151,1261122.999,,2,4,2025,621.5,Ei
369,Silver fir,14.8,1,2610073.086,1261125.843,,5,0,2025,2.65,Ta
370,Silver fir,19.7,1,2610066.5,1261128.214,,5,0,2025,5.49,Ta
371,Silver fir,21.8,1,2610070.065,1261130.404,,5,2,2025,14.36,Ta
372,Oak,64,1,2610068.149,1261131.752,,2,2,2025,762.18,Ei
373,European beech,20.5,1,2610066.09,1261130.843,,4,2,2025,7.98,Bu
374,Silver fir,12.5,1,2610067.971,1261134.003,,5,0,2025,1.73,Ta
375,European beech,42.4,1,2610059.742,1261130.18,,3,3,2025,68.97,Bu
376,Silver fir,12.7,1,2610056.244,1261134.939,,5,0,2025,1.79,Ta
377,European beech,29.6,1,2610055.93,1261145.938,,3,2,2025,19.83,Bu
378,Sycamore maple,18.8,1,2610054.646,1261143.845,,4,3,2025,6.97,BAh
379,Silver fir,12.4,1,2610050.189,1261144.608,,5,0,2025,1.7,Ta
380,Sycamore maple,18.1,1,2610049.405,1261141.865,,4,0,2025,6.45,BAh
381,European hornbeam,38.6,1,2610051.841,1261136.115,,3,2,2025,122.44,HaBu
382,Norway spruce,60.5,1,2610049.399,1261137.892,,1,4,2025,369.4,Fi
383,European beech,39.4,1,2610042.769,1261136.057,,3,3,2025,38.35,Bu
384,Oak,55.1,1,2610043.156,1261132.348,,3,3,2025,475.94,Ei
385,Silver fir,13.2,1,2610050.224,1261131.001,,5,0,2025,2.03,Ta
386,Silver fir,13,1,2610046.547,1261129.15,,5,0,2025,1.87,Ta
387,Scots pine,45.4,1,2610042.978,1261127.198,Föhre,2,4,2025,126.17,Fö
388,Silver fir,13,1,2610041.466,1261125.586,,5,0,2025,1.87,Ta
389,Sycamore maple,41.9,1,2610042.129,1261124.232,,4,4,2025,43.52,BAh
390,Scots pine,53.8,1,2610037.823,1261126.926,Föhre,2,4,2025,248.94,Fö
391,Silver fir,20.6,1,2610048.263,1261127.604,,5,3,2025,6.23,Ta
392,Silver fir,17.2,1,2610048.346,1261125.688,,5,0,2025,3.91,Ta
393,Silver fir,13.4,1,2610051.409,1261128.263,,5,0,2025,2.1,Ta
394,Sycamore maple,12.6,1,2610052.856,1261126.925,,5,0,2025,2.7,BAh
395,Silver fir,15.9,1,2610043.832,1261155.392,,5,0,2025,3.21,Ta
396,Silver fir,14.7,1,2610047.011,1261155.673,,5,0,2025,2.62,Ta
397,Scots pine,55.7,1,2610048.049,1261156.206,Föhre,2,4,2025,314.17,Fö
398,Silver fir,12.4,1,2610051.927,1261154.736,,5,0,2025,1.7,Ta
399,Wild cherry,40.8,1,2610053.902,1261154.423,,3,3,2025,42.5,Ki
400,European beech,34.8,1,2610056.689,1261153.028,,3,3,2025,29.17,Bu
401,Silver fir,13.1,1,2610050.96,1261157.568,,5,0,2025,1.9,Ta
402,Silver fir,13.4,1,2610050.493,1261161.658,,5,0,2025,2.1,Ta
403,European beech,67.9,1,2610048.107,1261162.957,,2,5,2025,405.4,Bu
404,Silver fir,13.5,1,2610046.727,1261158.067,,5,0,2025,2.09,Ta
405,Silver fir,15.8,1,2610045.323,1261158.6,,5,0,2025,3.17,Ta
406,Silver fir,17.5,1,2610042.566,1261159.255,,5,0,2025,4.19,Ta
407,Silver fir,13.6,1,2610041.181,1261156.795,,5,0,2025,2.12,Ta
408,Silver fir,16.8,1,2610039.841,1261161.879,,5,0,2025,3.69,Ta
409,Silver fir,12.6,1,2610037.875,1261160.609,,5,0,2025,1.76,Ta
410,Silver fir,17,1,2610036.098,1261163.051,,5,0,2025,3.79,Ta
411,Silver fir,63.3,1,2610031.654,1261164.105,,2,4,2025,370.26,Ta
412,Silver fir,14.9,1,2610025.584,1261160.528,,4,0,2025,2.69,Ta
413,Silver fir,20.2,1,2610025.069,1261157.101,,4,4,2025,5.99,Ta
414,Silver fir,17.6,1,2610026.121,1261154.794,,5,0,2025,4.23,Ta
415,Silver fir,14.3,1,2610029.108,1261157.523,,4,0,2025,2.48,Ta
416,Silver fir,14.2,1,2610031.137,1261157.679,,4,0,2025,2.44,Ta
417,European hornbeam,27.6,1,2610035.174,1261157.612,,3,2,2025,43.66,HaBu
418,Silver fir,16.8,1,2610038.286,1261154.945,,4,0,2025,3.69,Ta
419,Silver fir,15.3,1,2610036.175,1261155.083,,5,0,2025,2.97,Ta
420,Silver fir,12,1,2610033.121,1261155.172,,5,0,2025,1.51,Ta
421,Silver fir,14.9,1,2610032.364,1261153.813,,4,0,2025,2.69,Ta
422,Wild service tree,37.4,1,2610035.295,1261152.013,Elsbeere,3,2,2025,34.47,Elsb
423,Silver fir,14.3,1,2610031.844,1261146.716,,5,0,2025,2.48,Ta
424,European beech,54.5,1,2610031.782,1261145.365,,2,4,2025,189.72,Bu
425,Silver fir,14.2,1,2610039.78,1261151.845,,5,0,2025,2.44,Ta
426,Silver fir,13.8,1,2610038.53,1261149.116,,5,0,2025,2.19,Ta
427,Silver fir,12.2,1,2610039.643,1261142.508,,5,0,2025,1.56,Ta
428,European beech,44.1,1,2610036.509,1261136.044,,3,3,2025,91.21,Bu
429,European beech,44.2,1,2610041.799,1261140.302,,2,3,2025,91.62,Bu
430,Sycamore maple,27.1,1,2610045.956,1261142.856,,3,3,2025,16.54,BAh
431,Sycamore maple,27.6,1,2610049.187,1261145.435,,3,3,2025,17.24,BAh
432,European beech,22.4,1,2610043.147,1261146.36,,4,2,2025,10.26,Bu
433,Silver fir,16.3,1,2610042.05,1261150.3,,5,0,2025,3.47,Ta
434,Oak,38.3,1,2610044.878,1261148.816,,3,3,2025,35.93,Ei
435,Silver fir,17.8,1,2610044.459,1261151.918,,5,0,2025,4.33,Ta
436,Silver fir,15,1,2610050.069,1261152.214,,5,0,2025,2.73,Ta
437,Silver fir,16.6,1,2610050.742,1261149.558,,4,0,2025,3.6,Ta
438,Sycamore maple,12.1,1,2610024.33,1261184.84,,5,0,2025,2.37,BAh
439,Silver fir,12.6,0,2610018.342,1261185.217,,0,0,2025,1.76,Ta
440,Oak,76.9,1,2610017.639,1261186.898,,2,3,2025,1419.18,Ei
441,Silver fir,14.2,0,2610013.767,1261187.909,,0,0,2025,2.44,Ta
442,Silver fir,41.1,0,2610010.337,1261185.28,,0,1,2025,141.89,Ta
443,Silver fir,65.7,1,2610019.701,1261179.589,,2,3,2025,404.29,Ta
444,European beech,23.9,1,2610019.375,1261176.154,,5,2,2025,12.03,Bu
445,Silver fir,16.9,1,2610015.431,1261175.363,,4,0,2025,3.74,Ta
446,Silver fir,13.8,1,2610024.22,1261177.841,,5,0,2025,2.19,Ta
447,Oak,34.1,1,2610027.643,1261176.472,,4,2,2025,27.75,Ei
448,European beech,13,1,2610026.451,1261182.719,,5,0,2025,2.48,Bu
449,Scots pine,49.7,1,2610029.507,1261180.129,Föhre,2,4,2025,200.42,Fö
450,European beech,16.4,1,2610029.897,1261179.095,,5,0,2025,4.49,Bu
451,Silver fir,14.6,1,2610030.224,1261183.716,,5,0,2025,2.58,Ta
452,Oak,50.3,1,2610035.065,1261182.44,,4,4,2025,316.73,Ei
453,Silver fir,18,1,2610034.68,1261181.114,,5,0,2025,4.43,Ta
454,Silver fir,14.1,1,2610036.867,1261176.605,,5,0,2025,2.29,Ta
455,Silver fir,14.9,1,2610038.096,1261178.883,,5,0,2025,2.69,Ta
456,Silver fir,12.7,1,2610036.694,1261180.823,,5,0,2025,1.79,Ta
457,Scots pine,61,1,2610039.623,1261180.135,Föhre,2,4,2025,430.99,Fö
458,Silver fir,23.5,1,2610042.733,1261180.115,,3,4,2025,22.37,Ta
459,Sycamore maple,12.7,1,2610044.209,1261182.645,,4,0,2025,2.74,BAh
460,Silver fir,12.5,1,2610042.294,1261183.71,,5,0,2025,1.73,Ta
461,Oak,30.1,0,2610037.316,1261185.452,,0,2,2025,20.75,Ei
462,Silver fir,12.3,1,2610035.318,1261185.358,,5,0,2025,1.58,Ta
463,Silver fir,13.3,1,2610033.047,1261187.078,,5,0,2025,2.07,Ta
464,Silver fir,36.3,1,2610041.029,1261188.025,,3,4,2025,103.15,Ta
465,Scots pine,64.4,1,2610045.94,1261188.962,Föhre,2,3,2025,449.27,Fö
466,Silver fir,12.4,1,2610045.8,1261189.639,,5,0,2025,1.7,Ta
467,Silver fir,15.1,1,2610041.767,1261192.386,,5,0,2025,2.89,Ta
468,Scots pine,44.4,1,2610041.122,1261193.731,Föhre,2,4,2025,120.72,Fö
469,Silver fir,17.3,1,2610034.935,1261190.455,,5,0,2025,3.93,Ta
470,Silver fir,13.2,1,2610036.867,1261193.075,,5,0,2025,2.03,Ta
471,Oak,58.1,1,2610037.556,1261199.842,,3,3,2025,567.24,Ei
472,Silver fir,19.7,1,2610034.761,1261200.72,,5,0,2025,5.49,Ta
473,Scots pine,46.3,1,2610028.806,1261202.274,Föhre,2,4,2025,132.2,Fö
474,Silver fir,14.9,1,2610027.425,1261202.572,,5,0,2025,2.69,Ta
475,Oak,43,1,2610032.948,1261193.191,,2,3,2025,98.92,Ei
476,Oak,39.3,1,2610032.681,1261193.458,,2,3,2025,37.94,Ei
477,Silver fir,21,1,2610029.271,1261192.362,,5,4,2025,6.48,Ta
478,Oak,56.5,1,2610027.205,1261188.931,,2,3,2025,511.84,Ei
479,Silver fir,14.4,1,2610027.114,1261187.713,,5,0,2025,2.51,Ta
480,Silver fir,14.4,1,2610025.344,1261189.736,,5,0,2025,2.51,Ta
481,Silver fir,33.4,1,2610025.739,1261194.74,,4,4,2025,78.84,Ta
482,Silver fir,25.8,1,2610021.097,1261197.432,,4,4,2025,36.55,Ta
483,Silver fir,13.4,1,2610021.691,1261194.486,,5,0,2025,2.1,Ta
484,Oak,68.5,1,2610020.943,1261194.249,,2,4,2025,940.77,Ei
485,Silver fir,15.4,1,2610017.104,1261197.985,,5,0,2025,3.01,Ta
486,Silver fir,14.9,1,2610015.324,1261196.835,,5,0,2025,2.69,Ta
487,Oak,63.1,1,2610014.587,1261194.894,,2,4,2025,731.01,Ei
488,European beech,18,1,2610017.049,1261190.13,,5,0,2025,5.93,Bu
489,Silver fir,14.2,1,2610010.758,1261191.227,,5,0,2025,2.44,Ta
490,Oak,51.5,1,2610008.162,1261190.093,,2,3,2025,332.39,Ei
491,Scots pine,47.1,1,2610061.059,1261186.112,Föhre,2,4,2025,138.05,Fö
492,Norway spruce,29,1,2610051.232,1261193.189,,3,2,2025,55.19,Fi
493,Scots pine,69,1,2610050.127,1261193.409,Föhre,2,4,2025,520.09,Fö
494,Oak,54.7,1,2610055.478,1261179.031,,2,4,2025,465.38,Ei
495,Silver fir,14.3,1,2610057.452,1261172.661,,5,0,2025,2.48,Ta
496,Oak,51,1,2610060.744,1261165.212,,2,4,2025,325.79,Ei
497,Silver fir,13.4,1,2610062.056,1261171.085,,5,0,2025,2.1,Ta
498,Silver fir,15.1,1,2610061.379,1261173.231,,5,0,2025,2.89,Ta
499,Silver fir,16.2,1,2610064.031,1261173.001,,5,0,2025,3.41,Ta
500,European beech,60.2,1,2610064,1261176.004,,2,4,2025,262.08,Bu
501,Scots pine,52.1,1,2610069.557,1261169.234,Föhre,2,4,2025,233.19,Fö
502,Scots pine,44.9,1,2610071.676,1261174.124,Föhre,2,4,2025,124.92,Fö
503,Sycamore maple,20.7,1,2610074.992,1261176.737,,5,2,2025,8.76,BAh
504,European beech,29,1,2610073.158,1261180.06,,4,3,2025,19.04,Bu
505,Silver fir,15.3,1,2610067.714,1261177.337,,5,0,2025,2.97,Ta
506,Scots pine,62.2,1,2610065.46,1261182.264,Föhre,2,4,2025,449.6,Fö
507,Oak,44.8,1,2610070.455,1261184.42,,3,3,2025,163.69,Ei
508,European beech,33.2,1,2610077.6,1261183,,3,2,2025,25.71,Bu
509,Scots pine,46.2,1,2610073.203,1261185.79,Föhre,2,2,2025,131.63,Fö
510,Wild service tree,29.1,1,2610078.624,1261190.955,Elsbeere,4,2,2025,19.17,Elsb
511,Scots pine,57.8,1,2610084.055,1261191.099,Föhre,2,3,2025,346.57,Fö
512,Scots pine,61.4,1,2610077.648,1261194.254,Föhre,2,4,2025,436.66,Fö
513,European beech,24.9,1,2610076.606,1261196.85,,5,2,2025,13.09,Bu
514,European beech,31.3,1,2610074.854,1261197.048,,4,2,2025,22.77,Bu
515,Scots pine,52.2,1,2610072.763,1261198.493,Föhre,2,4,2025,234.09,Fö
516,Silver fir,40.9,1,2610070.352,1261198.602,,4,3,2025,137.06,Ta
517,European beech,16.7,1,2610065.573,1261196.86,,5,0,2025,4.89,Bu
518,European beech,33.6,1,2610065.575,1261200.891,,4,2,2025,27.18,Bu
519,European beech,18.6,1,2610060.602,1261198.717,,5,2,2025,6.28,Bu
520,Silver fir,62.6,1,2610063.129,1261192.989,,3,3,2025,362.12,Ta
521,Silver fir,15.2,1,2610073.385,1261152.309,,5,0,2025,2.93,Ta
522,European beech,23.5,1,2610071.541,1261155.86,,4,2,2025,11.29,Bu
523,European beech,25.1,1,2610066.575,1261154.383,,3,3,2025,13.22,Bu
524,European beech,40.7,1,2610063.89,1261154.007,,2,4,2025,41.05,Bu
525,Silver fir,15.2,1,2610071.521,1261149.22,,4,0,2025,2.93,Ta
526,Silver fir,18.3,1,2610067.941,1261147.006,,3,0,2025,4.59,Ta
527,Scots pine,39.4,1,2610073.565,1261138.199,Föhre,3,2,2025,84.73,Fö
528,Silver fir,12.3,1,2610077.643,1261143.261,,4,0,2025,1.58,Ta
529,Silver fir,15.4,1,2610077.467,1261140.049,,5,0,2025,3.01,Ta
530,Silver fir,14.7,1,2610077.49,1261135.99,,5,0,2025,2.62,Ta
531,Oak,65.4,1,2610078.982,1261132.192,,2,4,2025,850.78,Ei
532,Silver fir,13.8,1,2610079.43,1261131.265,,5,0,2025,2.19,Ta
533,Sycamore maple,15.1,1,2610080.303,1261127.362,,5,0,2025,4.17,BAh
534,Silver fir,20.6,1,2610082.636,1261123.833,,3,3,2025,6.23,Ta
535,Silver fir,13.5,1,2610083.066,1261126.066,,5,0,2025,2.09,Ta
536,European beech,20,1,2610083.089,1261130.36,,4,2,2025,7.58,Bu
537,European beech,29.4,1,2610087.182,1261130.338,,4,2,2025,19.56,Bu
538,European beech,15.8,1,2610091.15,1261129.627,,4,0,2025,4.19,Bu
539,Scots pine,55.4,1,2610086.893,1261135.217,Föhre,2,3,2025,310.79,Fö
540,Oak,96,1,2610081.69,1261138.699,,2,3,2025,2440.3,Ei
541,Silver fir,12.2,1,2610082.261,1261141.977,,5,0,2025,1.56,Ta
542,European beech,14.5,1,2610088.605,1261138.843,,5,0,2025,3.21,Bu
543,Sycamore maple,12,1,2610093.691,1261130.728,,5,0,2025,2.33,BAh
544,Silver fir,66.7,1,2610098.271,1261131.704,,2,3,2025,422.2,Ta
545,European beech,20.8,1,2610097.656,1261134.494,,5,2,2025,8.53,Bu
546,European beech,12.9,1,2610093.606,1261139.886,,5,0,2025,2.44,Bu
547,Oak,64.4,1,2610092.188,1261141.881,,2,4,2025,803.14,Ei
548,Wild service tree,13.8,1,2610093.621,1261143.507,Elsbeere,5,0,2025,2.89,Elsb
549,Oak,65.6,1,2610089.933,1261146.44,,2,4,2025,857.66,Ei
550,Silver fir,15.8,1,2610084.753,1261145.055,,5,0,2025,3.17,Ta
551,Scots pine,54.1,1,2610082.885,1261147.757,Föhre,2,4,2025,273.91,Fö
552,Oak,50.3,1,2610081.772,1261152.356,,2,3,2025,316.73,Ei
553,Scots pine,67.1,1,2610090.417,1261153.692,Föhre,2,4,2025,488.48,Fö
554,Silver fir,14.5,1,2610089.207,1261157.509,,5,0,2025,2.55,Ta
555,Silver fir,13.8,1,2610086.379,1261157.652,,5,0,2025,2.19,Ta
556,Sycamore maple,21.9,1,2610088.054,1261160.193,,4,2,2025,10.13,BAh
557,Oak,38,1,2610087.948,1261162.874,,3,2,2025,35.22,Ei
558,European larch,46.9,0,2610083.665,1261170.656,Lärche (tot),0,1,2025,273.92,Lä
559,Silver fir,39.2,1,2610083.065,1261172.923,,3,3,2025,124.62,Ta
560,European beech,27.5,1,2610081.241,1261165.126,,4,2,2025,16.54,Bu
561,Oak,54.6,1,2610081.123,1261162.017,,2,2,2025,455.29,Ei
562,Silver fir,13.3,1,2610083.576,1261159.791,,5,0,2025,2.07,Ta
563,European beech,48.8,1,2610078.691,1261162.642,,2,3,2025,136.85,Bu
564,Sycamore maple,13,1,2610080.726,1261158.967,,5,0,2025,2.87,BAh
565,Silver fir,13.3,1,2610081.39,1261156.435,,5,0,2025,2.07,Ta
566,Sycamore maple,25.6,1,2610080.521,1261154.627,,4,1,2025,14.31,BAh
567,Silver fir,18.2,1,2610079.904,1261153.829,,5,0,2025,4.54,Ta
568,Silver fir,12.7,1,2610075.83,1261153.879,,5,0,2025,1.79,Ta
569,Oak,62.5,1,2610074.905,1261157.831,,2,1,2025,717.57,Ei
570,European beech,25,1,2610074.108,1261159.75,,4,3,2025,13.12,Bu
571,Silver fir,17.8,1,2610108.212,1261153.476,,5,0,2025,4.33,Ta
572,European beech,64.6,1,2610110.298,1261150.556,,2,3,2025,346.03,Bu
573,Silver fir,19.1,1,2610099.395,1261151.486,,5,0,2025,5.18,Ta
574,Silver fir,13.9,1,2610096.799,1261147.151,,5,0,2025,2.22,Ta
575,Oak,54,1,2610100.988,1261147.805,,2,2,2025,437.63,Ei
576,European beech,15.4,1,2610101.754,1261142.1,,5,0,2025,3.8,Bu
577,European hornbeam,23.5,1,2610105.427,1261141.741,,5,2,2025,23.26,HaBu
578,Oak,67.4,1,2610104.643,1261137.548,,2,3,2025,910.77,Ei
579,European beech,22.5,1,2610103.998,1261135.623,,4,3,2025,10.35,Bu
580,European beech,22.2,1,2610103.864,1261134.566,,5,2,2025,10.08,Bu
581,European beech,16.6,1,2610108.134,1261139.214,,5,0,2025,4.61,Bu
582,Oak,58.6,1,2610110.274,1261139.553,,2,3,2025,585.18,Ei
583,Silver fir,19.4,1,2610117.926,1261144.375,,2,0,2025,5.32,Ta
584,Silver fir,19.8,1,2610128.431,1261149.777,,2,0,2025,5.54,Ta
585,Oak,39.5,1,2610137.76,1261155.95,,4,3,2025,38.32,Ei
586,Silver fir,14.5,1,2610136.587,1261158.707,,5,0,2025,2.55,Ta
587,Wild service tree,17.8,1,2610135.501,1261159.235,Elsbeere,5,0,2025,5.8,Elsb
588,Oak,54.2,1,2610132.68,1261157.644,,2,2,2025,445.17,Ei
589,European beech,68.2,1,2610126.691,1261161.113,,2,3,2025,401.47,Bu
590,Oak,51.4,1,2610130.802,1261166.131,,2,4,2025,331.1,Ei
591,Oak,54.6,1,2610137.211,1261164.433,,2,4,2025,455.29,Ei
592,Oak,27.5,1,2610136.275,1261164.08,,4,1,2025,16.76,Ei
593,European beech,31.3,1,2610132.511,1261172.102,,4,3,2025,22.77,Bu
594,European beech,13.2,1,2610127.986,1261170.952,,5,0,2025,2.55,Bu
595,Oak,47.9,1,2610126.423,1261166.903,,2,4,2025,187.11,Ei
596,European beech,18.2,1,2610125.695,1261166.218,,5,0,2025,6.06,Bu
597,Silver fir,13.8,1,2610119.561,1261157.345,,5,0,2025,2.19,Ta
598,European beech,19.3,1,2610116.513,1261156.914,,5,0,2025,7.02,Bu
599,Oak,65.5,1,2610117.484,1261161.296,,2,4,2025,855.05,Ei
600,Norway spruce,26,0,2610114.98,1261162.947,,0,1,2025,41.86,Fi
601,Norway spruce,44.8,0,2610121.023,1261167.342,,0,1,2025,177.68,Fi
602,European beech,13.1,1,2610123.869,1261170.304,,5,0,2025,2.52,Bu
603,Silver fir,16.9,1,2610125.45,1261174.026,,5,0,2025,3.74,Ta
604,Silver fir,13,1,2610126.458,1261178.044,,5,0,2025,1.87,Ta
605,Scots pine,72,1,2610125.404,1261178.571,Föhre,2,5,2025,582.48,Fö
606,Silver fir,19.3,1,2610124.127,1261175.856,,5,0,2025,5.25,Ta
607,European beech,45.3,1,2610120.007,1261183.454,,3,4,2025,96.63,Bu
608,Silver fir,12.5,1,2610118.199,1261175.652,,5,0,2025,1.73,Ta
609,Silver fir,21.2,1,2610115.514,1261171.932,,5,4,2025,6.61,Ta
610,Oak,58,1,2610118.242,1261169.51,,2,2,2025,565.29,Ei
611,Silver fir,14.3,1,2610119.395,1261170.216,,5,0,2025,2.48,Ta
612,Silver fir,12,1,2610121.512,1261171.552,,5,0,2025,1.51,Ta
613,European beech,53.4,1,2610111.149,1261176.637,,2,3,2025,196.61,Bu
614,European beech,45.2,1,2610107.985,1261174.768,,2,4,2025,96.2,Bu
615,Silver fir,17.3,1,2610105.56,1261169.04,,5,0,2025,3.93,Ta
616,Silver fir,19.4,1,2610110.743,1261168.314,,4,0,2025,5.32,Ta
617,Norway spruce,49.6,1,2610112.291,1261161.418,,3,3,2025,228.87,Fi
618,Silver fir,14.1,1,2610111.678,1261158.5,,5,0,2025,2.29,Ta
619,Silver fir,16.2,1,2610107.257,1261165.315,,5,0,2025,3.41,Ta
620,Oak,43.5,1,2610104.488,1261163.918,,3,3,2025,110.36,Ei
621,Silver fir,13.8,1,2610105.712,1261160.208,,5,0,2025,2.19,Ta
622,Silver fir,15.8,1,2610107.233,1261158.66,,5,0,2025,3.17,Ta
623,Silver fir,13.1,1,2610106.043,1261158.188,,5,0,2025,1.9,Ta
624,Silver fir,15.8,1,2610100.121,1261159.222,,5,0,2025,3.17,Ta
625,Wild service tree,16.2,1,2610098.765,1261161.709,Elsbeere,5,0,2025,4.37,Elsb
626,Oak,65.4,1,2610093.451,1261161.421,,2,2,2025,850.78,Ei
627,Silver fir,17.5,1,2610095.006,1261159.079,,5,0,2025,4.19,Ta
628,Silver fir,12.7,1,2610098.857,1261157.706,,5,0,2025,1.79,Ta
629,Oak,126,1,2610107.761,1261156.06,,2,3,2025,4480.41,Ei
630,European beech,14.3,1,2610106.25,1261184.242,,5,0,2025,3.11,Bu
631,Silver fir,12.6,1,2610108.303,1261185.213,,5,0,2025,1.76,Ta
632,Silver fir,13.8,1,2610109.837,1261187.64,,5,0,2025,2.19,Ta
633,European beech,28.4,1,2610117.16,1261187.044,,4,3,2025,18.26,Bu
634,Silver fir,16.6,1,2610111.31,1261191.255,,5,0,2025,3.6,Ta
635,Silver fir,13.8,1,2610115.566,1261191.949,,5,0,2025,2.19,Ta
636,Silver fir,15.2,1,2610115.819,1261193.503,,5,0,2025,2.93,Ta
637,Scots pine,46.6,1,2610114.162,1261194.124,Föhre,2,4,2025,134.19,Fö
638,Silver fir,14.3,1,2610114.331,1261196.951,,5,0,2025,2.48,Ta
639,Scots pine,51.7,1,2610103.126,1261197.904,Föhre,2,3,2025,225.62,Fö
640,Scots pine,55.2,1,2610102.467,1261194.929,Föhre,2,4,2025,308.14,Fö
641,Silver fir,25.8,1,2610103.437,1261192.85,,5,2,2025,36.55,Ta
642,Oak,33.5,1,2610105.675,1261188.628,,4,2,2025,26.74,Ei
643,Silver fir,12.2,1,2610101.933,1261190.918,,5,0,2025,1.56,Ta
644,Norway spruce,20,1,2610101.373,1261189.841,,5,3,2025,5.43,Fi
645,Scots pine,45.2,1,2610100.664,1261188.576,Föhre,2,4,2025,127.67,Fö
646,Silver fir,13,1,2610098.938,1261191.064,,5,0,2025,1.87,Ta
647,Scots pine,63.5,1,2610096.952,1261193.373,Föhre,2,2,2025,436.17,Fö
648,European beech,36.2,1,2610092.503,1261197.572,,3,2,2025,31.56,Bu
649,Oak,36.3,1,2610088.997,1261197.044,,4,1,2025,31.44,Ei
650,Sycamore maple,26.3,1,2610093.157,1261201.58,,4,1,2025,15.65,BAh
651,European beech,34.5,1,2610106.237,1261202.497,,3,1,2025,28.67,Bu
652,Norway spruce,16.4,1,2610101.603,1261199.913,,5,0,2025,3.36,Fi
653,Scots pine,28.7,0,2610095.53,1261186.671,Föhre,0,1,2025,29.49,Fö
654,European beech,56.3,1,2610095.313,1261184.71,,2,3,2025,232.97,Bu
655,Silver fir,30.7,1,2610087.622,1261181.888,,4,2,2025,68.14,Ta
656,Silver fir,24.7,1,2610090.149,1261177.994,,4,3,2025,24.73,Ta
657,European beech,53.7,1,2610094.165,1261171.158,,2,4,2025,199.16,Bu
658,Silver fir,13.3,1,2610101.933,1261176.939,,4,0,2025,2.07,Ta
659,Sycamore maple,40.4,1,2610105.375,1261180.979,,3,2,2025,40.42,BAh
999,Sycamore maple,15,0,2609981.465,1261097.95,Baumnr=?,0,0,2025,4.12,BAh
